{
    "sampleName": "HC2_C_7D",
    "samplePath": "HC2_C3/rgbaOutput_7_16_23_C1_HC2_C3_7D_0",
    "panicle": {
        "noTopSeeds": 10,
        "height": 207.55415931601394,
        "volume": 7320.740724587514,
        "maxSpreadVal": 17.181979252863258,
        "colAvgR": 0.5810896998139613,
        "colAvgG": 0.6274706095115178,
        "colAvgB": 0.32718237259322586,
        "maxSpreadPos": [
            17.178818168593075,
            0.32957150398641094,
            167.00698524966455
        ],
        "basePos": [
            17.40623023289165,
            32.11799436111564,
            16.026564125096524
        ]
    },
    "segment": {
        "segmentInd_0": {
            "endHeight": 69.18471977200464,
            "volumeSeg": 986.2974219936764,
            "maxSpreadSegVal": 9.35458931808352,
            "noTopSeedSeg": 0,
            "colAvgR": 0.5248636009353302,
            "colAvgG": 0.574343221310388,
            "colAvgB": 0.2875110588099515,
            "maxSpreadSegPos": [
                8.821190611174009,
                -3.1136694608352062,
                64.09325847464798
            ]
        },
        "segmentInd_1": {
            "endHeight": 138.36943954400928,
            "volumeSeg": 3530.06840358142,
            "maxSpreadSegVal": 15.676021161205929,
            "noTopSeedSeg": 3,
            "colAvgR": 0.57041544259976,
            "colAvgG": 0.6201118929956206,
            "colAvgB": 0.30962429687319976,
            "maxSpreadSegPos": [
                15.568325303918625,
                -1.8343627443728572,
                118.0503828343461
            ]
        },
        "segmentInd_2": {
            "endHeight": 207.5541593160139,
            "volumeSeg": 2804.289483110279,
            "maxSpreadSegVal": 17.181979252863258,
            "noTopSeedSeg": 6,
            "colAvgR": 0.6142920876430973,
            "colAvgG": 0.6554104472040065,
            "colAvgB": 0.3632237824007417,
            "maxSpreadSegPos": [
                17.178818168593075,
                0.32957150398641094,
                167.00698524966455
            ]
        }
    },
    "branch": {
        "branchInd_0": {
            "branchHeight": 91.89139029096629,
            "branchSpread": 11.645138678375059
        },
        "branchInd_1": {
            "branchHeight": 108.33566281731741,
            "branchSpread": 8.421314657555081
        },
        "branchInd_2": {
            "branchHeight": 120.67969820213848,
            "branchSpread": 15.67602116120593
        },
        "branchInd_3": {
            "branchHeight": 143.54853050410404,
            "branchSpread": 4.688362005216421
        },
        "branchInd_4": {
            "branchHeight": 158.35841420719407,
            "branchSpread": 12.209769791501811
        },
        "branchInd_5": {
            "branchHeight": 169.18147986130214,
            "branchSpread": 17.181979252863258
        },
        "branchInd_6": {
            "branchHeight": 192.13427229500493,
            "branchSpread": 10.629639415043604
        },
        "branchInd_7": {
            "branchHeight": 192.33875453420995,
            "branchSpread": 11.66499214008065
        },
        "branchInd_8": {
            "branchHeight": 202.20448328427508,
            "branchSpread": 8.763402460000856
        },
        "branchInd_9": {
            "branchHeight": 207.55415931601394,
            "branchSpread": 10.935343556241856
        }
    },
    "topSeeds": {
        "TopSeedInd_0": {
            "topSeedRealInd": 0.0,
            "topSeedFileInd": 2.0,
            "topSeedSpread": 11.645138678375059,
            "colAvgR": 0.603543853802144,
            "colAvgG": 0.6533799922235183,
            "colAvgB": 0.32560128867410987,
            "topSeedPos": [
                10.187375867721293,
                -4.0160737654172465,
                91.89139029096629
            ]
        },
        "TopSeedInd_1": {
            "topSeedRealInd": 1.0,
            "topSeedFileInd": 1.0,
            "topSeedSpread": 8.421314657555081,
            "colAvgR": 0.6710165118679051,
            "colAvgG": 0.7125335397316821,
            "colAvgB": 0.3907223942208462,
            "topSeedPos": [
                -0.0006810273712325454,
                6.540593403843523,
                108.33566281731741
            ]
        },
        "TopSeedInd_2": {
            "topSeedRealInd": 2.0,
            "topSeedFileInd": 0.0,
            "topSeedSpread": 15.67602116120593,
            "colAvgR": 0.6104284676833697,
            "colAvgG": 0.6561394335511983,
            "colAvgB": 0.337359477124183,
            "topSeedPos": [
                15.048598250439241,
                -0.07481777713976356,
                120.67969820213848
            ]
        },
        "TopSeedInd_3": {
            "topSeedRealInd": 3.0,
            "topSeedFileInd": 7.0,
            "topSeedSpread": 4.688362005216421,
            "colAvgR": 0.6898208339939749,
            "colAvgG": 0.7288938216796153,
            "colAvgB": 0.42866656096400824,
            "topSeedPos": [
                -1.0607268719389076,
                2.549599940758789,
                143.54853050410404
            ]
        },
        "TopSeedInd_4": {
            "topSeedRealInd": 4.0,
            "topSeedFileInd": 3.0,
            "topSeedSpread": 12.209769791501811,
            "colAvgR": 0.7277363775698958,
            "colAvgG": 0.7666666666666667,
            "colAvgB": 0.4540193435864912,
            "topSeedPos": [
                8.18649816268352,
                -8.031388627773172,
                158.35841420719407
            ]
        },
        "TopSeedInd_5": {
            "topSeedRealInd": 5.0,
            "topSeedFileInd": 4.0,
            "topSeedSpread": 17.181979252863258,
            "colAvgR": 0.6423414225503284,
            "colAvgG": 0.6785046728971963,
            "colAvgB": 0.3768109112804,
            "topSeedPos": [
                16.232163370235305,
                0.3278690388524481,
                169.18147986130214
            ]
        },
        "TopSeedInd_6": {
            "topSeedRealInd": 6.0,
            "topSeedFileInd": 6.0,
            "topSeedSpread": 10.629639415043604,
            "colAvgR": 0.6013159274404949,
            "colAvgG": 0.635734507706826,
            "colAvgB": 0.35411030722449405,
            "topSeedPos": [
                2.763968336958012,
                8.677440039920583,
                192.13427229500493
            ]
        },
        "TopSeedInd_7": {
            "topSeedRealInd": 7.0,
            "topSeedFileInd": 5.0,
            "topSeedSpread": 11.66499214008065,
            "colAvgR": 0.6821853093569034,
            "colAvgG": 0.7141471096210505,
            "colAvgB": 0.4345880321040333,
            "topSeedPos": [
                9.807274009334165,
                -1.0114157168774085,
                192.33875453420995
            ]
        },
        "TopSeedInd_8": {
            "topSeedRealInd": 8.0,
            "topSeedFileInd": 9.0,
            "topSeedSpread": 8.763402460000856,
            "colAvgR": 0.6353862693902627,
            "colAvgG": 0.6661700711616239,
            "colAvgB": 0.3968975579788051,
            "topSeedPos": [
                0.6984143706309034,
                6.907986753683943,
                202.20448328427508
            ]
        },
        "TopSeedInd_9": {
            "topSeedRealInd": 9.0,
            "topSeedFileInd": 8.0,
            "topSeedSpread": 10.935343556241856,
            "colAvgR": 0.6775381850853549,
            "colAvgG": 0.7068283917340522,
            "colAvgB": 0.4319116325775593,
            "topSeedPos": [
                2.7403826547044154,
                8.225046677508928,
                207.55415931601394
            ]
        }
    },
    "branch10Day": {}
}