{
    "sampleName": "HC2_H_4D",
    "samplePath": "HC2_HS4/rgbaOutput_7_14_23_C1_HC2_HS4_4D_0",
    "panicle": {
        "noTopSeeds": 10,
        "height": 197.97502250831852,
        "volume": 8977.894277611602,
        "maxSpreadVal": 20.50572554544259,
        "colAvgR": 0.5244991535585654,
        "colAvgG": 0.604998525204021,
        "colAvgB": 0.270522606030491,
        "maxSpreadPos": [
            20.255216689676907,
            3.1954619383198652,
            140.5029611232369
        ],
        "basePos": [
            13.509982666287906,
            17.4984707840057,
            20.839008845374117
        ]
    },
    "segment": {
        "segmentInd_0": {
            "endHeight": 65.9916741694395,
            "volumeSeg": 1468.3022721860257,
            "maxSpreadSegVal": 10.835700516490588,
            "noTopSeedSeg": 0,
            "colAvgR": 0.4842937438980947,
            "colAvgG": 0.5634835886939554,
            "colAvgB": 0.24896960209709748,
            "maxSpreadSegPos": [
                9.65942239674555,
                -4.909986216307015,
                65.95549136159671
            ]
        },
        "segmentInd_1": {
            "endHeight": 131.983348338879,
            "volumeSeg": 4480.108949934731,
            "maxSpreadSegVal": 19.943928217924846,
            "noTopSeedSeg": 4,
            "colAvgR": 0.5262136100221907,
            "colAvgG": 0.6089442737137085,
            "colAvgB": 0.2660843388007092,
            "maxSpreadSegPos": [
                19.557704761581117,
                -3.9059515128283695,
                131.8378656178908
            ]
        },
        "segmentInd_2": {
            "endHeight": 197.97502250831852,
            "volumeSeg": 3029.405527518293,
            "maxSpreadSegVal": 20.50572554544259,
            "noTopSeedSeg": 6,
            "colAvgR": 0.5414551704238787,
            "colAvgG": 0.6192901032453372,
            "colAvgB": 0.287527304203793,
            "maxSpreadSegPos": [
                20.255216689676907,
                3.1954619383198652,
                140.5029611232369
            ]
        }
    },
    "branch": {
        "branchInd_0": {
            "branchHeight": 75.165167754593,
            "branchSpread": 9.550475367292895
        },
        "branchInd_1": {
            "branchHeight": 97.19515173854356,
            "branchSpread": 9.143702024833502
        },
        "branchInd_2": {
            "branchHeight": 101.75759009510955,
            "branchSpread": 15.568500550650935
        },
        "branchInd_3": {
            "branchHeight": 125.19385479475693,
            "branchSpread": 5.142369151698068
        },
        "branchInd_4": {
            "branchHeight": 134.82867664332673,
            "branchSpread": 19.94392821792485
        },
        "branchInd_5": {
            "branchHeight": 144.31589616156157,
            "branchSpread": 20.50572554544259
        },
        "branchInd_6": {
            "branchHeight": 165.8712186126178,
            "branchSpread": 10.275229662564339
        },
        "branchInd_7": {
            "branchHeight": 185.8415641438867,
            "branchSpread": 8.312213599924974
        },
        "branchInd_8": {
            "branchHeight": 190.14813201254574,
            "branchSpread": 8.522097472948388
        },
        "branchInd_9": {
            "branchHeight": 196.29031578126302,
            "branchSpread": 13.89722507350526
        }
    },
    "topSeeds": {
        "TopSeedInd_0": {
            "topSeedRealInd": 0.0,
            "topSeedFileInd": 0.0,
            "topSeedSpread": 9.550475367292895,
            "colAvgR": 0.565489442655064,
            "colAvgG": 0.6393588367143207,
            "colAvgB": 0.29807311973780865,
            "topSeedPos": [
                1.389865805346858,
                -6.348599572904465,
                75.165167754593
            ]
        },
        "TopSeedInd_1": {
            "topSeedRealInd": 1.0,
            "topSeedFileInd": 5.0,
            "topSeedSpread": 9.143702024833502,
            "colAvgR": 0.5076501602398429,
            "colAvgG": 0.5918053688962405,
            "colAvgB": 0.25670767428236674,
            "topSeedPos": [
                6.537695117463835,
                4.362491902226331,
                97.19515173854356
            ]
        },
        "TopSeedInd_2": {
            "topSeedRealInd": 2.0,
            "topSeedFileInd": 1.0,
            "topSeedSpread": 15.568500550650935,
            "colAvgR": 0.5823044549174764,
            "colAvgG": 0.6573456682376214,
            "colAvgB": 0.3090242625240007,
            "topSeedPos": [
                11.99735014569851,
                -8.935317239203487,
                101.75759009510955
            ]
        },
        "TopSeedInd_3": {
            "topSeedRealInd": 3.0,
            "topSeedFileInd": 4.0,
            "topSeedSpread": 5.142369151698068,
            "colAvgR": 0.6104645917907081,
            "colAvgG": 0.6803258245111306,
            "colAvgB": 0.3475921356363926,
            "topSeedPos": [
                2.192993791911613,
                0.04348202042224614,
                125.19385479475693
            ]
        },
        "TopSeedInd_4": {
            "topSeedRealInd": 4.0,
            "topSeedFileInd": 2.0,
            "topSeedSpread": 19.94392821792485,
            "colAvgR": 0.5813758500033009,
            "colAvgG": 0.6588235294117647,
            "colAvgB": 0.3000429127880108,
            "topSeedPos": [
                19.077329236305303,
                -3.104385748354966,
                134.82867664332673
            ]
        },
        "TopSeedInd_5": {
            "topSeedRealInd": 5.0,
            "topSeedFileInd": 3.0,
            "topSeedSpread": 20.50572554544259,
            "colAvgR": 0.5624110762640557,
            "colAvgG": 0.6308319946964481,
            "colAvgB": 0.32606644738519597,
            "topSeedPos": [
                18.480506095893418,
                3.556263593891021,
                144.31589616156157
            ]
        },
        "TopSeedInd_6": {
            "topSeedRealInd": 6.0,
            "topSeedFileInd": 9.0,
            "topSeedSpread": 10.275229662564339,
            "colAvgR": 0.5266116914055341,
            "colAvgG": 0.60637346527396,
            "colAvgB": 0.2786805937328202,
            "topSeedPos": [
                8.282142090784104,
                2.7585646798521175,
                165.8712186126178
            ]
        },
        "TopSeedInd_7": {
            "topSeedRealInd": 7.0,
            "topSeedFileInd": 8.0,
            "topSeedSpread": 8.312213599924974,
            "colAvgR": 0.5626705977459698,
            "colAvgG": 0.6325233407833627,
            "colAvgB": 0.3101875188232124,
            "topSeedPos": [
                1.524717348215523,
                5.400299185490212,
                185.8415641438867
            ]
        },
        "TopSeedInd_8": {
            "topSeedRealInd": 8.0,
            "topSeedFileInd": 7.0,
            "topSeedSpread": 8.522097472948388,
            "colAvgR": 0.602142178457286,
            "colAvgG": 0.6686913708214564,
            "colAvgB": 0.34008119547378424,
            "topSeedPos": [
                1.447305730625617,
                7.8852230832424866,
                190.14813201254574
            ]
        },
        "TopSeedInd_9": {
            "topSeedRealInd": 9.0,
            "topSeedFileInd": 6.0,
            "topSeedSpread": 13.89722507350526,
            "colAvgR": 0.6147100330394648,
            "colAvgG": 0.6724045757168235,
            "colAvgB": 0.35181218973618233,
            "topSeedPos": [
                8.16034473506471,
                10.7661845713714,
                196.29031578126302
            ]
        }
    },
    "branch10Day": {}
}