{
    "sampleName": "HC2_H_7D",
    "samplePath": "HC2_HS4/rgbaOutput_7_17_23_C1_HC2_HS4_7D_0",
    "panicle": {
        "noTopSeeds": 11,
        "height": 186.05860020450564,
        "volume": 7407.2333603125235,
        "maxSpreadVal": 24.16806907336402,
        "colAvgR": 0.5649826903049948,
        "colAvgG": 0.6182959152597427,
        "colAvgB": 0.32878476592996186,
        "maxSpreadPos": [
            21.507567763552593,
            -11.02361517974424,
            116.93649848543376
        ],
        "basePos": [
            16.726256607558373,
            26.441567514402887,
            16.929321847572908
        ]
    },
    "segment": {
        "segmentInd_0": {
            "endHeight": 62.01953340150188,
            "volumeSeg": 1129.718858044202,
            "maxSpreadSegVal": 16.450266325419143,
            "noTopSeedSeg": 0,
            "colAvgR": 0.4975637677059535,
            "colAvgG": 0.5564712900035451,
            "colAvgB": 0.27689055266439255,
            "maxSpreadSegPos": [
                4.729199562914395,
                -15.755822215021002,
                62.005936030501
            ]
        },
        "segmentInd_1": {
            "endHeight": 124.03906680300376,
            "volumeSeg": 3880.7314781948994,
            "maxSpreadSegVal": 24.16806907336402,
            "noTopSeedSeg": 4,
            "colAvgR": 0.560037372593034,
            "colAvgG": 0.6159519174201448,
            "colAvgB": 0.3169707898136832,
            "maxSpreadSegPos": [
                21.507567763552593,
                -11.02361517974424,
                116.93649848543376
            ]
        },
        "segmentInd_2": {
            "endHeight": 186.05860020450564,
            "volumeSeg": 2396.7198477588017,
            "maxSpreadSegVal": 22.380459676819385,
            "noTopSeedSeg": 7,
            "colAvgR": 0.6047673464830507,
            "colAvgG": 0.6512320994506573,
            "colAvgB": 0.37236429643158786,
            "maxSpreadSegPos": [
                20.002354902378045,
                10.039460827407584,
                169.90553888813446
            ]
        }
    },
    "branch": {
        "branchInd_0": {
            "branchHeight": 72.94733355364018,
            "branchSpread": 16.11226496066969
        },
        "branchInd_1": {
            "branchHeight": 92.34675873210033,
            "branchSpread": 23.841134083320203
        },
        "branchInd_2": {
            "branchHeight": 97.36020767143646,
            "branchSpread": 19.40969740457021
        },
        "branchInd_3": {
            "branchHeight": 119.3003264537245,
            "branchSpread": 24.168069073364016
        },
        "branchInd_4": {
            "branchHeight": 130.23257281377423,
            "branchSpread": 16.807823198854113
        },
        "branchInd_5": {
            "branchHeight": 138.7955544148149,
            "branchSpread": 19.53832290574678
        },
        "branchInd_6": {
            "branchHeight": 150.17093003549883,
            "branchSpread": 16.932287932658415
        },
        "branchInd_7": {
            "branchHeight": 157.34161960709233,
            "branchSpread": 13.538230773263427
        },
        "branchInd_8": {
            "branchHeight": 166.1362521348962,
            "branchSpread": 21.07738753663343
        },
        "branchInd_9": {
            "branchHeight": 172.2860109686758,
            "branchSpread": 22.38045967681938
        },
        "branchInd_10": {
            "branchHeight": 184.95875606703206,
            "branchSpread": 18.383543380956013
        }
    },
    "topSeeds": {
        "TopSeedInd_0": {
            "topSeedRealInd": 0.0,
            "topSeedFileInd": 9.0,
            "topSeedSpread": 16.11226496066969,
            "colAvgR": 0.5466619513536878,
            "colAvgG": 0.6066210853078706,
            "colAvgB": 0.30846398679712367,
            "topSeedPos": [
                13.264600472303076,
                -7.401348746750646,
                72.94733355364018
            ]
        },
        "TopSeedInd_1": {
            "topSeedRealInd": 1.0,
            "topSeedFileInd": 8.0,
            "topSeedSpread": 23.841134083320203,
            "colAvgR": 0.6275485701811832,
            "colAvgG": 0.6777199943500649,
            "colAvgB": 0.37399488937683784,
            "topSeedPos": [
                8.078669618007996,
                -21.357772666894963,
                92.34675873210033
            ]
        },
        "TopSeedInd_2": {
            "topSeedRealInd": 2.0,
            "topSeedFileInd": 5.0,
            "topSeedSpread": 19.40969740457021,
            "colAvgR": 0.6108824289995285,
            "colAvgG": 0.6593315992029085,
            "colAvgB": 0.3695188548654528,
            "topSeedPos": [
                0.0066546998569272375,
                -17.379391797584503,
                97.36020767143646
            ]
        },
        "TopSeedInd_3": {
            "topSeedRealInd": 3.0,
            "topSeedFileInd": 7.0,
            "topSeedSpread": 24.168069073364016,
            "colAvgR": 0.6681118824341331,
            "colAvgG": 0.716266796573702,
            "colAvgB": 0.42026143790849674,
            "topSeedPos": [
                20.26307015028817,
                -11.423937022582557,
                119.3003264537245
            ]
        },
        "TopSeedInd_4": {
            "topSeedRealInd": 4.0,
            "topSeedFileInd": 6.0,
            "topSeedSpread": 16.807823198854113,
            "colAvgR": 0.6979132344865459,
            "colAvgG": 0.7313208644248473,
            "colAvgB": 0.4521659075491811,
            "topSeedPos": [
                9.677129644295377,
                -12.229992183313966,
                130.23257281377423
            ]
        },
        "TopSeedInd_5": {
            "topSeedRealInd": 5.0,
            "topSeedFileInd": 10.0,
            "topSeedSpread": 19.53832290574678,
            "colAvgR": 0.5684487703954483,
            "colAvgG": 0.6145013401043871,
            "colAvgB": 0.3518314759956741,
            "topSeedPos": [
                18.66062744456475,
                -1.0855311517063946,
                138.7955544148149
            ]
        },
        "TopSeedInd_6": {
            "topSeedRealInd": 6.0,
            "topSeedFileInd": 4.0,
            "topSeedSpread": 16.932287932658415,
            "colAvgR": 0.6841805745554035,
            "colAvgG": 0.7224514363885088,
            "colAvgB": 0.44640948472412223,
            "topSeedPos": [
                9.65900161472392,
                11.649455173152116,
                150.17093003549883
            ]
        },
        "TopSeedInd_7": {
            "topSeedRealInd": 7.0,
            "topSeedFileInd": 2.0,
            "topSeedSpread": 13.538230773263427,
            "colAvgR": 0.6712203155950235,
            "colAvgG": 0.7118960183392312,
            "colAvgB": 0.4332954975406735,
            "topSeedPos": [
                10.305723490160123,
                -3.8895010976499442,
                157.34161960709233
            ]
        },
        "TopSeedInd_8": {
            "topSeedRealInd": 8.0,
            "topSeedFileInd": 3.0,
            "topSeedSpread": 21.07738753663343,
            "colAvgR": 0.6652556708958093,
            "colAvgG": 0.6981968473663975,
            "colAvgB": 0.4335601691657055,
            "topSeedPos": [
                10.918831296820969,
                16.813326672061454,
                166.1362521348962
            ]
        },
        "TopSeedInd_9": {
            "topSeedRealInd": 9.0,
            "topSeedFileInd": 1.0,
            "topSeedSpread": 22.38045967681938,
            "colAvgR": 0.6543740573152338,
            "colAvgG": 0.697473604826546,
            "colAvgB": 0.41556938159879336,
            "topSeedPos": [
                19.5542365272595,
                9.63913182315665,
                172.2860109686758
            ]
        },
        "TopSeedInd_10": {
            "topSeedRealInd": 10.0,