{
    "sampleName": "HC5_H_4D",
    "samplePath": "HC5_HS4/rgbaOutput_7_14_23_C1_HC5_HS4_4D_0",
    "panicle": {
        "noTopSeeds": 10,
        "height": 202.9601926724466,
        "volume": 8576.35763898186,
        "maxSpreadVal": 29.686226792405176,
        "colAvgR": 0.5162564035514974,
        "colAvgG": 0.5869361606027756,
        "colAvgB": 0.2741893517083784,
        "maxSpreadPos": [
            17.4900458793926,
            23.986878836289996,
            89.28859075071058
        ],
        "basePos": [
            13.777973482333437,
            10.81950585948654,
            14.524752540241105
        ]
    },
    "segment": {
        "segmentInd_0": {
            "endHeight": 67.6533975574822,
            "volumeSeg": 1279.3091755423904,
            "maxSpreadSegVal": 20.213641857703323,
            "noTopSeedSeg": 0,
            "colAvgR": 0.4630725191991077,
            "colAvgG": 0.5355137264560583,
            "colAvgB": 0.24298513445151174,
            "maxSpreadSegPos": [
                15.047970322888027,
                13.496292317261695,
                67.02408956039578
            ]
        },
        "segmentInd_1": {
            "endHeight": 135.3067951149644,
            "volumeSeg": 4239.34120549941,
            "maxSpreadSegVal": 29.686226792405176,
            "noTopSeedSeg": 3,
            "colAvgR": 0.5057659132699278,
            "colAvgG": 0.5830186802604758,
            "colAvgB": 0.2577464988857126,
            "maxSpreadSegPos": [
                17.4900458793926,
                23.986878836289996,
                89.28859075071058
            ]
        },
        "segmentInd_2": {
            "endHeight": 202.96019267244657,
            "volumeSeg": 3057.6284875949123,
            "maxSpreadSegVal": 25.694127269310133,
            "noTopSeedSeg": 6,
            "colAvgR": 0.5530561453011763,
            "colAvgG": 0.6138889015172265,
            "colAvgB": 0.3100423455055512,
            "maxSpreadSegPos": [
                11.835632743375124,
                22.805832010594425,
                195.07615305320311
            ]
        }
    },
    "branch": {
        "branchInd_0": {
            "branchHeight": 70.02369738104142,
            "branchSpread": 20.797468320844974
        },
        "branchInd_1": {
            "branchHeight": 92.76843883396725,
            "branchSpread": 29.686226792405176
        },
        "branchInd_2": {
            "branchHeight": 123.87020159907345,
            "branchSpread": 21.9190465733582
        },
        "branchInd_3": {
            "branchHeight": 137.47917190383305,
            "branchSpread": 19.999010438252764
        },
        "branchInd_4": {
            "branchHeight": 145.53983196994236,
            "branchSpread": 15.085003969636634
        },
        "branchInd_5": {
            "branchHeight": 172.60090302670142,
            "branchSpread": 19.774767315857993
        },
        "branchInd_6": {
            "branchHeight": 183.8418087266639,
            "branchSpread": 21.303867145439444
        },
        "branchInd_7": {
            "branchHeight": 185.18905034073092,
            "branchSpread": 24.735516072994994
        },
        "branchInd_8": {
            "branchHeight": 201.0743041431343,
            "branchSpread": 25.694127269310133
        },
        "branchInd_9": {
            "branchHeight": 202.9601926724466,
            "branchSpread": 23.57031451396182
        }
    },
    "topSeeds": {
        "TopSeedInd_0": {
            "topSeedRealInd": 0.0,
            "topSeedFileInd": 1.0,
            "topSeedSpread": 20.797468320844974,
            "colAvgR": 0.40463593407002274,
            "colAvgG": 0.46904044350187896,
            "colAvgB": 0.21383338914313355,
            "topSeedPos": [
                14.972743362922486,
                13.5235709448087,
                70.02369738104142
            ]
        },
        "TopSeedInd_1": {
            "topSeedRealInd": 1.0,
            "topSeedFileInd": 0.0,
            "topSeedSpread": 29.686226792405176,
            "colAvgR": 0.5024902409476377,
            "colAvgG": 0.5672544532687217,
            "colAvgB": 0.2864450127877238,
            "topSeedPos": [
                18.68942728418046,
                21.874950296610237,
                92.76843883396725
            ]
        },
        "TopSeedInd_2": {
            "topSeedRealInd": 2.0,
            "topSeedFileInd": 3.0,
            "topSeedSpread": 21.9190465733582,
            "colAvgR": 0.5768044591574003,
            "colAvgG": 0.6410491469314998,
            "colAvgB": 0.31577398636222165,
            "topSeedPos": [
                9.333815459538762,
                18.300599040930617,
                123.87020159907345
            ]
        },
        "TopSeedInd_3": {
            "topSeedRealInd": 3.0,
            "topSeedFileInd": 5.0,
            "topSeedSpread": 19.999010438252764,
            "colAvgR": 0.6336294179762718,
            "colAvgG": 0.6944365074435265,
            "colAvgB": 0.3513882849866451,
            "topSeedPos": [
                17.141282196296928,
                5.13417842735322,
                137.47917190383305
            ]
        },
        "TopSeedInd_4": {
            "topSeedRealInd": 4.0,
            "topSeedFileInd": 4.0,
            "topSeedSpread": 15.085003969636634,
            "colAvgR": 0.6114512788940505,
            "colAvgG": 0.6636592600884311,
            "colAvgB": 0.3488927445383482,
            "topSeedPos": [
                13.080101231701303,
                3.493180156070652,
                145.53983196994236
            ]
        },
        "TopSeedInd_5": {
            "topSeedRealInd": 5.0,
            "topSeedFileInd": 9.0,
            "topSeedSpread": 19.774767315857993,
            "colAvgR": 0.6066917464660283,
            "colAvgG": 0.6626272989816082,
            "colAvgB": 0.3538531691746466,
            "topSeedPos": [
                16.688927211769037,
                8.454327880050673,
                172.60090302670142
            ]
        },
        "TopSeedInd_6": {
            "topSeedRealInd": 6.0,
            "topSeedFileInd": 6.0,
            "topSeedSpread": 21.303867145439444,
            "colAvgR": 0.5996116504854369,
            "colAvgG": 0.6666704740148486,
            "colAvgB": 0.3344679230915667,
            "topSeedPos": [
                6.543530331382879,
                17.560074610144135,
                183.8418087266639
            ]
        },
        "TopSeedInd_7": {
            "topSeedRealInd": 7.0,
            "topSeedFileInd": 2.0,
            "topSeedSpread": 24.735516072994994,
            "colAvgR": 0.5948355074247272,
            "colAvgG": 0.6379481499712856,
            "colAvgB": 0.3587004676347526,
            "topSeedPos": [
                22.805269453456084,
                8.568072191140843,
                185.18905034073092
            ]
        },
        "TopSeedInd_8": {
            "topSeedRealInd": 8.0,
            "topSeedFileInd": 8.0,
            "topSeedSpread": 25.694127269310133,
            "colAvgR": 0.5405484486788346,
            "colAvgG": 0.5917143927634748,
            "colAvgB": 0.3152777034380631,
            "topSeedPos": [
                10.399188609895713,
                19.431041599120693,
                201.0743041431343
            ]
        },
        "TopSeedInd_9": {
            "topSeedRealInd": 9.0,
            "topSeedFileInd": 7.0,
            "topSeedSpread": 23.57031451396182,
            "colAvgR": 0.5999621470209705,
            "colAvgG": 0.6439813763343175,
            "colAvgB": 0.3751192368839428,
            "topSeedPos": [
                15.49806178137515,
                14.732064162927692,
                202.9601926724466
            ]
        }
    },
    "branch10Day": {}
}