{
    "sampleName": "HC5_C_7D",
    "samplePath": "HC5_C5/rgbaOutput_7_19_23_C2_HC5_C5_7D_0",
    "panicle": {
        "noTopSeeds": 8,
        "height": 224.05337729652817,
        "volume": 6506.2530311486,
        "maxSpreadVal": 16.409220710465977,
        "colAvgR": 0.4923600002741399,
        "colAvgG": 0.5253852691023722,
        "colAvgB": 0.22515368957789686,
        "maxSpreadPos": [
            5.4181110716350025,
            -15.488918514222085,
            200.28875464239874
        ],
        "basePos": [
            30.973038840106838,
            40.400772740980365,
            21.172713269710687
        ]
    },
    "segment": {
        "segmentInd_0": {
            "endHeight": 74.68445909884272,
            "volumeSeg": 1063.7189288080244,
            "maxSpreadSegVal": 10.78665330543615,
            "noTopSeedSeg": 0,
            "colAvgR": 0.4653918948659178,
            "colAvgG": 0.49323021137904216,
            "colAvgB": 0.2127829303822087,
            "maxSpreadSegPos": [
                -5.273118878772413,
                -9.409894091965679,
                67.45602452430768
            ]
        },
        "segmentInd_1": {
            "endHeight": 149.36891819768545,
            "volumeSeg": 2987.1683568910325,
            "maxSpreadSegVal": 13.503494992585944,
            "noTopSeedSeg": 2,
            "colAvgR": 0.48604522544429857,
            "colAvgG": 0.523041510768982,
            "colAvgB": 0.21287545127289959,
            "maxSpreadSegPos": [
                -3.0400414486139065,
                -13.156843276618565,
                130.44360752240527
            ]
        },
        "segmentInd_2": {
            "endHeight": 224.05337729652817,
            "volumeSeg": 2455.2520395244974,
            "maxSpreadSegVal": 16.409220710465977,
            "noTopSeedSeg": 6,
            "colAvgR": 0.5117310166784275,
            "colAvgG": 0.5421747970248173,
            "colAvgB": 0.24544973271107587,
            "maxSpreadSegPos": [
                5.4181110716350025,
                -15.488918514222085,
                200.28875464239874
            ]
        }
    },
    "branch": {
        "branchInd_0": {
            "branchHeight": 119.85558504264263,
            "branchSpread": 8.284568463975983
        },
        "branchInd_1": {
            "branchHeight": 132.420908502985,
            "branchSpread": 12.747920144098613
        },
        "branchInd_2": {
            "branchHeight": 162.95442391369792,
            "branchSpread": 7.855609910540648
        },
        "branchInd_3": {
            "branchHeight": 174.63641100005418,
            "branchSpread": 3.9731352470072165
        },
        "branchInd_4": {
            "branchHeight": 192.06487623159322,
            "branchSpread": 7.2765705390593585
        },
        "branchInd_5": {
            "branchHeight": 199.9065519116904,
            "branchSpread": 11.646279614991643
        },
        "branchInd_6": {
            "branchHeight": 216.87376239610518,
            "branchSpread": 13.894566557857285
        },
        "branchInd_7": {
            "branchHeight": 224.05337729652817,
            "branchSpread": 13.682426160969928
        }
    },
    "topSeeds": {
        "TopSeedInd_0": {
            "topSeedRealInd": 0.0,
            "topSeedFileInd": 5.0,
            "topSeedSpread": 8.284568463975983,
            "colAvgR": 0.5240020110608347,
            "colAvgG": 0.5629294452823864,
            "colAvgB": 0.22402547343723814,
            "topSeedPos": [
                -0.019631254996571812,
                -6.314360194205371,
                119.85558504264263
            ]
        },
        "TopSeedInd_1": {
            "topSeedRealInd": 1.0,
            "topSeedFileInd": 6.0,
            "topSeedSpread": 12.747920144098613,
            "colAvgR": 0.441130152848541,
            "colAvgG": 0.4857650146672842,
            "colAvgB": 0.17830785857650147,
            "topSeedPos": [
                -0.638663218199941,
                -10.745581466335299,
                132.420908502985
            ]
        },
        "TopSeedInd_2": {
            "topSeedRealInd": 2.0,
            "topSeedFileInd": 7.0,
            "topSeedSpread": 7.855609910540648,
            "colAvgR": 0.498845104384796,
            "colAvgG": 0.5346468684561203,
            "colAvgB": 0.22101656196459166,
            "topSeedPos": [
                -2.4185875017107747,
                -5.588888165183754,
                162.95442391369792
            ]
        },
        "TopSeedInd_3": {
            "topSeedRealInd": 3.0,
            "topSeedFileInd": 4.0,
            "topSeedSpread": 3.9731352470072165,
            "colAvgR": 0.5430557677616501,
            "colAvgG": 0.5763636363636363,
            "colAvgB": 0.25244716068245476,
            "topSeedPos": [
                0.36353110384390774,
                -1.2945366734294268,
                174.63641100005418
            ]
        },
        "TopSeedInd_4": {
            "topSeedRealInd": 4.0,
            "topSeedFileInd": 3.0,
            "topSeedSpread": 7.2765705390593585,
            "colAvgR": 0.5450875816993463,
            "colAvgG": 0.5725960784313725,
            "colAvgB": 0.27383529411764707,
            "topSeedPos": [
                0.17704330730454743,
                -3.3308532000594013,
                192.06487623159322
            ]
        },
        "TopSeedInd_5": {
            "topSeedRealInd": 5.0,
            "topSeedFileInd": 2.0,
            "topSeedSpread": 11.646279614991643,
            "colAvgR": 0.5660057281339502,
            "colAvgG": 0.5924047146948668,
            "colAvgB": 0.2855584930601454,
            "topSeedPos": [
                8.329526986759774,
                -2.8904211278278495,
                199.9065519116904
            ]
        },
        "TopSeedInd_6": {
            "topSeedRealInd": 6.0,
            "topSeedFileInd": 1.0,
            "topSeedSpread": 13.894566557857285,
            "colAvgR": 0.5314133043517638,
            "colAvgG": 0.548467146673912,
            "colAvgB": 0.27728569487841326,
            "topSeedPos": [
                10.570414426744165,
                -5.408530624207707,
                216.87376239610518
            ]
        },
        "TopSeedInd_7": {
            "topSeedRealInd": 7.0,
            "topSeedFileInd": 0.0,
            "topSeedSpread": 13.682426160969928,
            "colAvgR": 0.5692623716153128,
            "colAvgG": 0.5877177537681739,
            "colAvgB": 0.2967640389489129,
            "topSeedPos": [
                4.679589453910893,
                -9.80949568427862,
                224.05337729652817
            ]
        }
    },
    "branch10Day": {}
}