{
    "sampleName": "HC5_H_4D",
    "samplePath": "HC5_HS4/rgbaOutput_7_14_23_C1_HC5_HS4_4D_0",
    "panicle": {
        "noTopSeeds": 10,
        "height": 197.18912193194757,
        "volume": 7893.008613488452,
        "maxSpreadVal": 29.889254191383824,
        "colAvgR": 0.5162564035514974,
        "colAvgG": 0.5869361606027756,
        "colAvgB": 0.2741893517083784,
        "maxSpreadPos": [
            30.57226562553019,
            35.189475170647825,
            86.92512548857793
        ],
        "basePos": [
            13.426237757834388,
            10.707211294989703,
            13.966650748545991
        ]
    },
    "segment": {
        "segmentInd_0": {
            "endHeight": 65.72970731064919,
            "volumeSeg": 1182.7406411677666,
            "maxSpreadSegVal": 20.35172542378014,
            "noTopSeedSeg": 0,
            "colAvgR": 0.46302776826323405,
            "colAvgG": 0.5354896552553164,
            "colAvgB": 0.24292765589224033,
            "maxSpreadSegPos": [
                26.910203927558065,
                25.951075111577882,
                65.35154198321487
            ]
        },
        "segmentInd_1": {
            "endHeight": 131.45941462129838,
            "volumeSeg": 3894.453569363996,
            "maxSpreadSegVal": 29.889254191383824,
            "noTopSeedSeg": 3,
            "colAvgR": 0.5058027112484902,
            "colAvgG": 0.5830639130058194,
            "colAvgB": 0.2577549729521324,
            "maxSpreadSegPos": [
                30.57226562553019,
                35.189475170647825,
                86.92512548857793
            ]
        },
        "segmentInd_2": {
            "endHeight": 197.18912193194757,
            "volumeSeg": 2815.741908893486,
            "maxSpreadSegVal": 27.396821946016708,
            "noTopSeedSeg": 7,
            "colAvgR": 0.5530761662302185,
            "colAvgG": 0.6139078828668022,
            "colAvgB": 0.3100505782498572,
            "maxSpreadSegPos": [
                25.178536600287384,
                35.455328893292425,
                192.3402927378302
            ]
        }
    },
    "branch": {
        "branchInd_0": {
            "branchHeight": 67.9092558443583,
            "branchSpread": 20.914061560429865
        },
        "branchInd_1": {
            "branchHeight": 89.9181715657652,
            "branchSpread": 29.889254191383824
        },
        "branchInd_2": {
            "branchHeight": 120.22872018652114,
            "branchSpread": 22.767780163768922
        },
        "branchInd_3": {
            "branchHeight": 133.62184667803274,
            "branchSpread": 20.258048120957987
        },
        "branchInd_4": {
            "branchHeight": 141.4891720672817,
            "branchSpread": 15.715973720971714
        },
        "branchInd_5": {
            "branchHeight": 167.73990338763005,
            "branchSpread": 20.67971958060528
        },
        "branchInd_6": {
            "branchHeight": 178.57193681876714,
            "branchSpread": 22.99263582757206
        },
        "branchInd_7": {
            "branchHeight": 179.97234170234816,
            "branchSpread": 25.294589367169507
        },
        "branchInd_8": {
            "branchHeight": 195.31131541496734,
            "branchSpread": 27.396821946016708
        },
        "branchInd_9": {
            "branchHeight": 197.18912193194757,
            "branchSpread": 24.955863702794705
        }
    },
    "topSeeds": {
        "TopSeedInd_0": {
            "topSeedRealInd": 0.0,
            "topSeedFileInd": 1.0,
            "topSeedSpread": 20.914061560429865,
            "colAvgR": 103.18216318785579,
            "colAvgG": 119.60531309297913,
            "colAvgB": 54.527514231499055,
            "topSeedPos": [
                28.10172989609194,
                24.7565677296087,
                67.9092558443583
            ]
        },
        "TopSeedInd_1": {
            "topSeedRealInd": 1.0,
            "topSeedFileInd": 0.0,
            "topSeedSpread": 29.889254191383824,
            "colAvgR": 128.1350114416476,
            "colAvgG": 144.64988558352402,
            "colAvgB": 73.04347826086956,
            "topSeedPos": [
                31.753790013553854,
                33.170534808482415,
                89.9181715657652
            ]
        },
        "TopSeedInd_2": {
            "topSeedRealInd": 2.0,
            "topSeedFileInd": 3.0,
            "topSeedSpread": 22.767780163768922,
            "colAvgR": 147.0851370851371,
            "colAvgG": 163.46753246753246,
            "colAvgB": 80.52236652236653,
            "topSeedPos": [
                22.701586348828446,
                30.094922167719904,
                120.22872018652114
            ]
        },
        "TopSeedInd_3": {
            "topSeedRealInd": 3.0,
            "topSeedFileInd": 5.0,
            "topSeedSpread": 20.258048120957987,
            "colAvgR": 161.57550158394932,
            "colAvgG": 177.08130939809925,
            "colAvgB": 89.6040126715945,
            "topSeedPos": [
                30.315093439161807,
                17.46231209244929,
                133.62184667803274
            ]
        },
        "TopSeedInd_4": {
            "topSeedRealInd": 4.0,
            "topSeedFileInd": 4.0,
            "topSeedSpread": 15.715973720971714,
            "colAvgR": 155.9200761179829,
            "colAvgG": 169.23311132254995,
            "colAvgB": 88.96764985727879,
            "topSeedPos": [
                26.377108652545726,
                15.970432377553028,
                141.4891720672817
            ]
        },
        "TopSeedInd_5": {
            "topSeedRealInd": 5.0,
            "topSeedFileInd": 9.0,
            "topSeedSpread": 20.67971958060528,
            "colAvgR": 154.70639534883722,
            "colAvgG": 168.96996124031008,
            "colAvgB": 90.23255813953489,
            "topSeedPos": [
                29.93046147596062,
                21.14242081639037,
                167.73990338763005
            ]
        },
        "TopSeedInd_6": {
            "topSeedRealInd": 6.0,
            "topSeedFileInd": 6.0,
            "topSeedSpread": 22.99263582757206,
            "colAvgR": 152.9009708737864,
            "colAvgG": 170.0009708737864,
            "colAvgB": 85.28932038834951,
            "topSeedPos": [
                20.0810158059498,
                30.144917133606754,
                178.57193681876714
            ]
        },
        "TopSeedInd_7": {
            "topSeedRealInd": 7.0,
            "topSeedFileInd": 2.0,
            "topSeedSpread": 25.294589367169507,
            "colAvgR": 151.68305439330544,
            "colAvgG": 162.6767782426778,
            "colAvgB": 91.46861924686192,
            "topSeedPos": [
                35.89951045278316,
                21.413530645493683,
                179.97234170234816
            ]
        },
        "TopSeedInd_8": {
            "topSeedRealInd": 8.0,
            "topSeedFileInd": 8.0,
            "topSeedSpread": 27.396821946016708,
            "colAvgR": 137.8398544131028,
            "colAvgG": 150.8871701546861,
            "colAvgB": 80.3958143767061,
            "topSeedPos": [
                23.441556282662525,
                31.351312248875804,
                195.31131541496734
            ]
        },
        "TopSeedInd_9": {
            "topSeedRealInd": 9.0,
            "topSeedFileInd": 7.0,
            "topSeedSpread": 24.955863702794705,
            "colAvgR": 152.9903474903475,
            "colAvgG": 164.21525096525096,
            "colAvgB": 95.6554054054054,
            "topSeedPos": [
                28.820508547350343,
                27.63813528490673,
                197.18912193194757
            ]
        }
    },
    "branch10Day": {}
}