{
    "sampleName": "HC5_C_4D",
    "samplePath": "HC5_C5/rgbaOutput_7_16_23_C1_HC5_C5_4D_0",
    "panicle": {
        "noTopSeeds": 8,
        "height": 230.99112819231314,
        "volume": 6746.17680804266,
        "maxSpreadVal": 11.504804533464654,
        "colAvgR": 0.5669572074615638,
        "colAvgG": 0.6231611981965796,
        "colAvgB": 0.31692401873630377,
        "maxSpreadPos": [
            -10.067362449649773,
            5.568549242002856,
            203.63215446056145
        ],
        "basePos": [
            24.4944343939158,
            28.785206508515444,
            21.449609492134904
        ]
    },
    "segment": {
        "segmentInd_0": {
            "endHeight": 76.99704273077104,
            "volumeSeg": 1297.443185630422,
            "maxSpreadSegVal": 7.775201066700774,
            "noTopSeedSeg": 0,
            "colAvgR": 0.5306440298223601,
            "colAvgG": 0.5893870758990977,
            "colAvgB": 0.27227874786782214,
            "maxSpreadSegPos": [
                7.596731871222453,
                -1.656326207115569,
                75.95006581685647
            ]
        },
        "segmentInd_1": {
            "endHeight": 153.99408546154208,
            "volumeSeg": 3076.944627990868,
            "maxSpreadSegVal": 11.316279470635855,
            "noTopSeedSeg": 2,
            "colAvgR": 0.5540491766815483,
            "colAvgG": 0.6149393527340149,
            "colAvgB": 0.3016623824908153,
            "maxSpreadSegPos": [
                10.485033358322962,
                -4.257024375357651,
                111.09625612957578
            ]
        },
        "segmentInd_2": {
            "endHeight": 230.9911281923131,
            "volumeSeg": 2371.669049595113,
            "maxSpreadSegVal": 11.504804533464654,
            "noTopSeedSeg": 6,
            "colAvgR": 0.6035617989673004,
            "colAvgG": 0.6523028530685864,
            "colAvgB": 0.3611329769352178,
            "maxSpreadSegPos": [
                -10.067362449649773,
                5.568549242002856,
                203.63215446056145
            ]
        }
    },
    "branch": {
        "branchInd_0": {
            "branchHeight": 124.37984348720869,
            "branchSpread": 10.99575926571717
        },
        "branchInd_1": {
            "branchHeight": 137.3413799388632,
            "branchSpread": 4.100854830622336
        },
        "branchInd_2": {
            "branchHeight": 166.27252454766813,
            "branchSpread": 10.414383968427806
        },
        "branchInd_3": {
            "branchHeight": 180.94069097759754,
            "branchSpread": 8.280835365095504
        },
        "branchInd_4": {
            "branchHeight": 200.94281535372315,
            "branchSpread": 6.555243421528523
        },
        "branchInd_5": {
            "branchHeight": 205.65342781538138,
            "branchSpread": 11.504804533464656
        },
        "branchInd_6": {
            "branchHeight": 223.27240292610853,
            "branchSpread": 4.323450919874045
        },
        "branchInd_7": {
            "branchHeight": 228.97338327241889,
            "branchSpread": 10.938997245695012
        }
    },
    "topSeeds": {
        "TopSeedInd_0": {
            "topSeedRealInd": 0.0,
            "topSeedFileInd": 0.0,
            "topSeedSpread": 10.99575926571717,
            "colAvgR": 0.6409290646578782,
            "colAvgG": 0.6924559654370223,
            "colAvgB": 0.37603485838779954,
            "topSeedPos": [
                10.084296436262758,
                -1.6553524559886554,
                124.37984348720869
            ]
        },
        "TopSeedInd_1": {
            "topSeedRealInd": 1.0,
            "topSeedFileInd": 1.0,
            "topSeedSpread": 4.100854830622336,
            "colAvgR": 0.6377172007014188,
            "colAvgG": 0.6837494021999043,
            "colAvgB": 0.3771018651362984,
            "topSeedPos": [
                -0.6680915109674928,
                1.9310084114973378,
                137.3413799388632
            ]
        },
        "TopSeedInd_2": {
            "topSeedRealInd": 2.0,
            "topSeedFileInd": 7.0,
            "topSeedSpread": 10.414383968427806,
            "colAvgR": 0.64948460312815,
            "colAvgG": 0.6988586479367866,
            "colAvgB": 0.3924430136897213,
            "topSeedPos": [
                9.31476947531733,
                0.74533034181594,
                166.27252454766813
            ]
        },
        "TopSeedInd_3": {
            "topSeedRealInd": 3.0,
            "topSeedFileInd": 5.0,
            "topSeedSpread": 8.280835365095504,
            "colAvgR": 0.6640777268991429,
            "colAvgG": 0.7122930609369497,
            "colAvgB": 0.40388634495714454,
            "topSeedPos": [
                5.911882015888658,
                3.8547955273523016,
                180.94069097759754
            ]
        },
        "TopSeedInd_4": {
            "topSeedRealInd": 4.0,
            "topSeedFileInd": 6.0,
            "topSeedSpread": 6.555243421528523,
            "colAvgR": 0.6401197943154207,
            "colAvgG": 0.6821721195682884,
            "colAvgB": 0.38435893089224166,
            "topSeedPos": [
                -2.5847634873235883,
                1.1012026731906985,
                200.94281535372315
            ]
        },
        "TopSeedInd_5": {
            "topSeedRealInd": 5.0,
            "topSeedFileInd": 4.0,
            "topSeedSpread": 11.504804533464656,
            "colAvgR": 0.6971600253004427,
            "colAvgG": 0.7319418089816572,
            "colAvgB": 0.4306008855154965,
            "topSeedPos": [
                -8.648033983681396,
                5.095778934814099,
                205.65342781538138
            ]
        },
        "TopSeedInd_6": {
            "topSeedRealInd": 6.0,
            "topSeedFileInd": 3.0,
            "topSeedSpread": 4.323450919874045,
            "colAvgR": 0.6176500342170252,
            "colAvgG": 0.6600136868100807,
            "colAvgB": 0.3860870600136868,
            "topSeedPos": [
                2.169309886678249,
                2.8080712684645093,
                223.27240292610853
            ]
        },
        "TopSeedInd_7": {
            "topSeedRealInd": 7.0,
            "topSeedFileInd": 2.0,
            "topSeedSpread": 10.938997245695012,
            "colAvgR": 0.6350798597584729,
            "colAvgG": 0.671133619010518,
            "colAvgB": 0.4034930528502792,
            "topSeedPos": [
                -2.937407606487902,
                9.27857631470119,
                228.97338327241889
            ]
        }
    },
    "branch10Day": {}
}