{
    "sampleName": "HC5_H_7D",
    "samplePath": "HC5_HS4/rgbaOutput_7_17_23_C1_HC5_HS4_7D_0",
    "panicle": {
        "noTopSeeds": 11,
        "height": 204.3031375892469,
        "volume": 7126.3259257141535,
        "maxSpreadVal": 35.90073086864992,
        "colAvgR": 0.5389224266443144,
        "colAvgG": 0.6075353536514733,
        "colAvgB": 0.30008393226754027,
        "maxSpreadPos": [
            17.196513308636007,
            31.5141620058211,
            131.5602513011613
        ],
        "basePos": [
            18.766379321706225,
            17.702687425706834,
            18.182193449435992
        ]
    },
    "segment": {
        "segmentInd_0": {
            "endHeight": 68.10104586308229,
            "volumeSeg": 1084.8196240019079,
            "maxSpreadSegVal": 12.215546456162057,
            "noTopSeedSeg": 0,
            "colAvgR": 0.4826539705331398,
            "colAvgG": 0.5549586399519207,
            "colAvgB": 0.26203849775015126,
            "maxSpreadSegPos": [
                12.100548066662833,
                -1.6722176021785444,
                67.82716808854474
            ]
        },
        "segmentInd_1": {
            "endHeight": 136.20209172616458,
            "volumeSeg": 3584.591068486149,
            "maxSpreadSegVal": 35.90073086864992,
            "noTopSeedSeg": 4,
            "colAvgR": 0.5379132932332974,
            "colAvgG": 0.6127465274600735,
            "colAvgB": 0.28986978928427803,
            "maxSpreadSegPos": [
                17.196513308636007,
                31.5141620058211,
                131.5602513011613
            ]
        },
        "segmentInd_2": {
            "endHeight": 204.3031375892469,
            "volumeSeg": 2456.8281271056535,
            "maxSpreadSegVal": 26.35500090680971,
            "noTopSeedSeg": 7,
            "colAvgR": 0.565242291208264,
            "colAvgG": 0.6231505330371421,
            "colAvgB": 0.3317751337371704,
            "maxSpreadSegPos": [
                15.518519150938646,
                21.301681533622904,
                202.53002155603755
            ]
        }
    },
    "branch": {
        "branchInd_0": {
            "branchHeight": 71.75112667784344,
            "branchSpread": 9.790192675014172
        },
        "branchInd_1": {
            "branchHeight": 97.77946500146061,
            "branchSpread": 7.6286414502166515
        },
        "branchInd_2": {
            "branchHeight": 114.09601214482365,
            "branchSpread": 22.4098002121048
        },
        "branchInd_3": {
            "branchHeight": 124.7949497814152,
            "branchSpread": 14.69445046105366
        },
        "branchInd_4": {
            "branchHeight": 139.09503192383937,
            "branchSpread": 11.785687330960805
        },
        "branchInd_5": {
            "branchHeight": 145.88891005478763,
            "branchSpread": 21.085223030450095
        },
        "branchInd_6": {
            "branchHeight": 173.8164500962963,
            "branchSpread": 20.92271155842569
        },
        "branchInd_7": {
            "branchHeight": 185.27314174333586,
            "branchSpread": 17.733612656864075
        },
        "branchInd_8": {
            "branchHeight": 186.52929670972495,
            "branchSpread": 19.820666830676466
        },
        "branchInd_9": {
            "branchHeight": 202.45748638535596,
            "branchSpread": 18.136386963359925
        },
        "branchInd_10": {
            "branchHeight": 204.29975017089814,
            "branchSpread": 18.595364099947137
        }
    },
    "topSeeds": {
        "TopSeedInd_0": {
            "topSeedRealInd": 0.0,
            "topSeedFileInd": 10.0,
            "topSeedSpread": 9.790192675014172,
            "colAvgR": 0.4983580424039534,
            "colAvgG": 0.5767575322812051,
            "colAvgB": 0.2284967320261438,
            "topSeedPos": [
                9.371979055055306,
                1.4545542885258733,
                71.75112667784344
            ]
        },
        "TopSeedInd_1": {
            "topSeedRealInd": 1.0,
            "topSeedFileInd": 2.0,
            "topSeedSpread": 7.6286414502166515,
            "colAvgR": 0.6202700605308086,
            "colAvgG": 0.6824408919240519,
            "colAvgB": 0.359692689740804,
            "topSeedPos": [
                2.268640793322362,
                2.497916792676694,
                97.77946500146061
            ]
        },
        "TopSeedInd_2": {
            "topSeedRealInd": 2.0,
            "topSeedFileInd": 0.0,
            "topSeedSpread": 22.4098002121048,
            "colAvgR": 0.5630959179788421,
            "colAvgG": 0.6333904435560632,
            "colAvgB": 0.31880558048462104,
            "topSeedPos": [
                21.049048648172935,
                -2.281239791931071,
                114.09601214482365
            ]
        },
        "TopSeedInd_3": {
            "topSeedRealInd": 3.0,
            "topSeedFileInd": 1.0,
            "topSeedSpread": 14.69445046105366,
            "colAvgR": 0.6112414549751034,
            "colAvgG": 0.679652291332602,
            "colAvgB": 0.352637353363153,
            "topSeedPos": [
                4.457980184401492,
                13.742460880792532,
                124.7949497814152
            ]
        },
        "TopSeedInd_4": {
            "topSeedRealInd": 4.0,
            "topSeedFileInd": 3.0,
            "topSeedSpread": 11.785687330960805,
            "colAvgR": 0.6477266889288467,
            "colAvgG": 0.70478636869595,
            "colAvgB": 0.400359619830465,
            "topSeedPos": [
                8.199678509729036,
                5.848923629232168,
                139.09503192383937
            ]
        },
        "TopSeedInd_5": {
            "topSeedRealInd": 5.0,
            "topSeedFileInd": 9.0,
            "topSeedSpread": 21.085223030450095,
            "colAvgR": 0.516936961700568,
            "colAvgG": 0.5722237493128092,
            "colAvgB": 0.2760995052226498,
            "topSeedPos": [
                17.83496901127308,
                9.878880216273956,
                145.88891005478763
            ]
        },
        "TopSeedInd_6": {
            "topSeedRealInd": 6.0,
            "topSeedFileInd": 4.0,
            "topSeedSpread": 20.92271155842569,
            "colAvgR": 0.5323211290415871,
            "colAvgG": 0.5918213893226907,
            "colAvgB": 0.30775059286251377,
            "topSeedPos": [
                17.348948468938836,
                9.160137675180504,
                173.8164500962963
            ]
        },
        "TopSeedInd_7": {
            "topSeedRealInd": 7.0,
            "topSeedFileInd": 8.0,
            "topSeedSpread": 17.733612656864075,
            "colAvgR": 0.5181401902078197,
            "colAvgG": 0.5709991781143595,
            "colAvgB": 0.2952401080192556,
            "topSeedPos": [
                13.15940495433221,
                8.785907621996696,
                185.27314174333586
            ]
        },
        "TopSeedInd_8": {
            "topSeedRealInd": 8.0,
            "topSeedFileInd": 7.0,
            "topSeedSpread": 19.820666830676466,
            "colAvgR": 0.65371393999395,
            "colAvgG": 0.7079558892280615,
            "colAvgB": 0.42185738250419386,
            "topSeedPos": [
                11.36376325904677,
                15.886235487081585,
                186.52929670972495
            ]
        },
        "TopSeedInd_9": {
            "topSeedRealInd": 9.0,
            "topSeedFileInd": 6.0,
            "topSeedSpread": 18.136386963359925,
            "colAvgR": 0.6526637972262076,
            "colAvgG": 0.6974222859875657,
            "colAvgB": 0.4067049258727881,
            "topSeedPos": [
                7.983307840356854,
                11.549196848223726,
                202.45748638535596
            ]
        },
        "TopSeedInd_10": {
            "topSeedRealInd": 10.0,