{
    "sampleName": "HO1_C_7D",
    "samplePath": "HO1_C4/rgbaOutput_7_18_23_C2_HO1_C4_7D_0",
    "panicle": {
        "noTopSeeds": 12,
        "height": 249.02024605119783,
        "volume": 8712.47655087063,
        "maxSpreadVal": 35.33664230735492,
        "colAvgR": 0.45722029480263326,
        "colAvgG": 0.4954826797591189,
        "colAvgB": 0.20307712434758268,
        "maxSpreadPos": [
            -32.316628443460594,
            -14.293838379010015,
            153.24849440174336
        ],
        "basePos": [
            41.213559660576884,
            23.419126340453207,
            13.151577295710952
        ]
    },
    "segment": {
        "segmentInd_0": {
            "endHeight": 83.00674868373261,
            "volumeSeg": 1801.7776614770225,
            "maxSpreadSegVal": 22.47075598327979,
            "noTopSeedSeg": 0,
            "colAvgR": 0.41932615383695027,
            "colAvgG": 0.4603232862160105,
            "colAvgB": 0.18049450795384192,
            "maxSpreadSegPos": [
                -22.360588991682814,
                -2.222371347263527,
                82.42888156039807
            ]
        },
        "segmentInd_1": {
            "endHeight": 166.01349736746522,
            "volumeSeg": 3931.0889428953483,
            "maxSpreadSegVal": 35.33664230735492,
            "noTopSeedSeg": 4,
            "colAvgR": 0.46056199622107225,
            "colAvgG": 0.5008707378602283,
            "colAvgB": 0.1995058547255863,
            "maxSpreadSegPos": [
                -32.316628443460594,
                -14.293838379010015,
                153.24849440174336
            ]
        },
        "segmentInd_2": {
            "endHeight": 249.02024605119783,
            "volumeSeg": 2979.4728457783176,
            "maxSpreadSegVal": 24.66999114781426,
            "noTopSeedSeg": 7,
            "colAvgR": 0.4757249632781363,
            "colAvgG": 0.5096362822692091,
            "colAvgB": 0.22143635661511324,
            "maxSpreadSegPos": [
                -22.857414115278093,
                -9.281545302153074,
                167.4542269356259
            ]
        }
    },
    "branch": {
        "branchInd_0": {
            "branchHeight": 95.8027113861539,
            "branchSpread": 24.528781359481044
        },
        "branchInd_1": {
            "branchHeight": 124.37949670892701,
            "branchSpread": 19.322011786117123
        },
        "branchInd_2": {
            "branchHeight": 138.3362009665298,
            "branchSpread": 16.48022117143964
        },
        "branchInd_3": {
            "branchHeight": 155.90014421973277,
            "branchSpread": 35.33664230735493
        },
        "branchInd_4": {
            "branchHeight": 170.10587675361532,
            "branchSpread": 24.92233170459747
        },
        "branchInd_5": {
            "branchHeight": 179.68500743215114,
            "branchSpread": 14.613424522194922
        },
        "branchInd_6": {
            "branchHeight": 197.69072171096602,
            "branchSpread": 15.21267249451354
        },
        "branchInd_7": {
            "branchHeight": 209.724740270483,
            "branchSpread": 11.33492799180232
        },
        "branchInd_8": {
            "branchHeight": 215.77749800335292,
            "branchSpread": 16.03499968477393
        },
        "branchInd_9": {
            "branchHeight": 237.48420726823008,
            "branchSpread": 13.006072701685186
        },
        "branchInd_10": {
            "branchHeight": 244.6792007882057,
            "branchSpread": 13.835634134664668
        },
        "branchInd_11": {
            "branchHeight": 249.02024605119786,
            "branchSpread": 7.234661155413379
        }
    },
    "topSeeds": {
        "TopSeedInd_0": {
            "topSeedRealInd": 0.0,
            "topSeedFileInd": 9.0,
            "topSeedSpread": 24.528781359481044,
            "colAvgR": 0.46509615836742374,
            "colAvgG": 0.49767245027507406,
            "colAvgB": 0.2079653923919688,
            "topSeedPos": [
                -23.19798404947725,
                -3.9064941518833045,
                95.8027113861539
            ]
        },
        "TopSeedInd_1": {
            "topSeedRealInd": 1.0,
            "topSeedFileInd": 11.0,
            "topSeedSpread": 19.322011786117123,
            "colAvgR": 0.48328867338692527,
            "colAvgG": 0.529182084981498,
            "colAvgB": 0.1943515801114372,
            "topSeedPos": [
                -16.66309621233968,
                0.9582035290010644,
                124.37949670892701
            ]
        },
        "TopSeedInd_2": {
            "topSeedRealInd": 2.0,
            "topSeedFileInd": 1.0,
            "topSeedSpread": 16.48022117143964,
            "colAvgR": 0.5550750895840882,
            "colAvgG": 0.5877763014856867,
            "colAvgB": 0.2648468011434553,
            "topSeedPos": [
                -13.38856962019402,
                -3.8253870814746023,
                138.3362009665298
            ]
        },
        "TopSeedInd_3": {
            "topSeedRealInd": 3.0,
            "topSeedFileInd": 0.0,
            "topSeedSpread": 35.33664230735493,
            "colAvgR": 0.5546041201290642,
            "colAvgG": 0.5874410523703152,
            "colAvgB": 0.2509886655083975,
            "topSeedPos": [
                -29.28562284605683,
                -14.320632175537547,
                155.90014421973277
            ]
        },
        "TopSeedInd_4": {
            "topSeedRealInd": 4.0,
            "topSeedFileInd": 2.0,
            "topSeedSpread": 24.92233170459747,
            "colAvgR": 0.5600978041096535,
            "colAvgG": 0.5825645366060094,
            "colAvgB": 0.2397423237880284,
            "topSeedPos": [
                -19.826408517874324,
                -9.308339098680605,
                170.10587675361532
            ]
        },
        "TopSeedInd_5": {
            "topSeedRealInd": 5.0,
            "topSeedFileInd": 8.0,
            "topSeedSpread": 14.613424522194922,
            "colAvgR": 0.5582996557401587,
            "colAvgG": 0.5855311081175473,
            "colAvgB": 0.2831212892281595,
            "topSeedPos": [
                -8.193291181278695,
                -7.858046889277368,
                179.68500743215114
            ]
        },
        "TopSeedInd_6": {
            "topSeedRealInd": 6.0,
            "topSeedFileInd": 10.0,
            "topSeedSpread": 15.21267249451354,
            "colAvgR": 0.48998217468805705,
            "colAvgG": 0.5268270944741533,
            "colAvgB": 0.22626559714795008,
            "topSeedPos": [
                -11.204652715480595,
                -5.464555915745297,
                197.69072171096602
            ]
        },
        "TopSeedInd_7": {
            "topSeedRealInd": 7.0,
            "topSeedFileInd": 7.0,
            "topSeedSpread": 11.33492799180232,
            "colAvgR": 0.49874146841835326,
            "colAvgG": 0.532678423482069,
            "colAvgB": 0.22880025249536434,
            "topSeedPos": [
                -7.3666052462896445,
                2.147630253389302,
                209.724740270483
            ]
        },
        "TopSeedInd_8": {
            "topSeedRealInd": 8.0,
            "topSeedFileInd": 6.0,
            "topSeedSpread": 16.03499968477393,
            "colAvgR": 0.5080281169071401,
            "colAvgG": 0.5436017593620257,
            "colAvgB": 0.24430468204053107,
            "topSeedPos": [
                -13.701348197948171,
                3.6318394288682825,
                215.77749800335292
            ]
        },
        "TopSeedInd_9": {
            "topSeedRealInd": 9.0,
            "topSeedFileInd": 5.0,
            "topSeedSpread": 13.006072701685186,
            "colAvgR": 0.5347418362430038,
            "colAvgG": 0.5607917268986989,
            "colAvgB": 0.2654212535675896,