{
    "sampleName": "HO1_C_4D",
    "samplePath": "HO1_C4/rgbaOutput_7_15_23_C1_HO1_C4_4D_0",
    "panicle": {
        "noTopSeeds": 12,
        "height": 217.60181567590098,
        "volume": 6811.28091241785,
        "maxSpreadVal": 44.23742409212693,
        "colAvgR": 0.6039957248039953,
        "colAvgG": 0.6271535112025144,
        "colAvgB": 0.3486924761829874,
        "maxSpreadPos": [
            32.423367777548485,
            30.094433243849647,
            138.61866405104098
        ],
        "basePos": [
            7.492384836592526,
            19.34916002644741,
            13.029234795727996
        ]
    },
    "segment": {
        "segmentInd_0": {
            "endHeight": 72.53393855863366,
            "volumeSeg": 1519.199828810076,
            "maxSpreadSegVal": 16.82209611678792,
            "noTopSeedSeg": 0,
            "colAvgR": 0.5501178458349701,
            "colAvgG": 0.5875440738690315,
            "colAvgB": 0.2969530462438116,
            "maxSpreadSegPos": [
                12.110770861002248,
                11.675279307783184,
                72.49166709316762
            ]
        },
        "segmentInd_1": {
            "endHeight": 145.06787711726733,
            "volumeSeg": 3140.431362270502,
            "maxSpreadSegVal": 44.23742409212693,
            "noTopSeedSeg": 4,
            "colAvgR": 0.602576602348875,
            "colAvgG": 0.6274910466273123,
            "colAvgB": 0.3396753604672981,
            "maxSpreadSegPos": [
                32.423367777548485,
                30.094433243849647,
                138.61866405104098
            ]
        },
        "segmentInd_2": {
            "endHeight": 217.60181567590098,
            "volumeSeg": 2151.558048646662,
            "maxSpreadSegVal": 32.96312296501422,
            "noTopSeedSeg": 8,
            "colAvgR": 0.6441167280716854,
            "colAvgG": 0.6546362899654627,
            "colAvgB": 0.3983880966105459,
            "maxSpreadSegPos": [
                27.373818882331772,
                18.36413666372434,
                145.3033939478048
            ]
        }
    },
    "branch": {
        "branchInd_0": {
            "branchHeight": 85.06624454049758,
            "branchSpread": 12.129951779548005
        },
        "branchInd_1": {
            "branchHeight": 109.54630795659101,
            "branchSpread": 24.759673680038546
        },
        "branchInd_2": {
            "branchHeight": 120.17455995348791,
            "branchSpread": 14.179981525143695
        },
        "branchInd_3": {
            "branchHeight": 135.306793594027,
            "branchSpread": 26.338887217172818
        },
        "branchInd_4": {
            "branchHeight": 145.3033939478048,
            "branchSpread": 33.36484282609915
        },
        "branchInd_5": {
            "branchHeight": 155.4849584275028,
            "branchSpread": 26.456422309874526
        },
        "branchInd_6": {
            "branchHeight": 168.19178323635472,
            "branchSpread": 22.85141315108656
        },
        "branchInd_7": {
            "branchHeight": 181.08174451040637,
            "branchSpread": 18.658098021049593
        },
        "branchInd_8": {
            "branchHeight": 186.1706802953797,
            "branchSpread": 27.469394702750623
        },
        "branchInd_9": {
            "branchHeight": 204.55325850007804,
            "branchSpread": 22.287856973770005
        },
        "branchInd_10": {
            "branchHeight": 209.0003550203096,
            "branchSpread": 25.06975706315041
        },
        "branchInd_11": {
            "branchHeight": 213.63334562174342,
            "branchSpread": 31.302687747809205
        }
    },
    "topSeeds": {
        "TopSeedInd_0": {
            "topSeedRealInd": 0.0,
            "topSeedFileInd": 7.0,
            "topSeedSpread": 12.129951779548005,
            "colAvgR": 0.64839184685732,
            "colAvgG": 0.6792761373324033,
            "colAvgB": 0.364287375029063,
            "topSeedPos": [
                8.786480104361674,
                4.447948006781697,
                85.06624454049758
            ]
        },
        "TopSeedInd_1": {
            "topSeedRealInd": 1.0,
            "topSeedFileInd": 11.0,
            "topSeedSpread": 24.759673680038546,
            "colAvgR": 0.6497359695443939,
            "colAvgG": 0.6637930328707683,
            "colAvgB": 0.37448114945351835,
            "topSeedPos": [
                17.478962263441176,
                17.498976397625437,
                109.54630795659101
            ]
        },
        "TopSeedInd_2": {
            "topSeedRealInd": 2.0,
            "topSeedFileInd": 10.0,
            "topSeedSpread": 14.179981525143695,
            "colAvgR": 0.7505156136528686,
            "colAvgG": 0.7664488017429194,
            "colAvgB": 0.46255628177196806,
            "topSeedPos": [
                3.3580761623830746,
                11.626269220208886,
                120.17455995348791
            ]
        },
        "TopSeedInd_3": {
            "topSeedRealInd": 3.0,
            "topSeedFileInd": 9.0,
            "topSeedSpread": 26.338887217172818,
            "colAvgR": 0.6886181691611556,
            "colAvgG": 0.7059983756816336,
            "colAvgB": 0.4131801833159299,
            "topSeedPos": [
                22.09579316783607,
                12.963562999617107,
                135.306793594027
            ]
        },
        "TopSeedInd_4": {
            "topSeedRealInd": 4.0,
            "topSeedFileInd": 0.0,
            "topSeedSpread": 33.36484282609915,
            "colAvgR": 0.777933556842426,
            "colAvgG": 0.7788208202106405,
            "colAvgB": 0.48836059466964676,
            "topSeedPos": [
                27.37381888233177,
                18.36413666372434,
                145.3033939478048
            ]
        },
        "TopSeedInd_5": {
            "topSeedRealInd": 5.0,
            "topSeedFileInd": 8.0,
            "topSeedSpread": 26.456422309874526,
            "colAvgR": 0.7373329431274998,
            "colAvgG": 0.741508145546776,
            "colAvgB": 0.47083211394010344,
            "topSeedPos": [
                12.808016736316931,
                22.411684687203323,
                155.4849584275028
            ]
        },
        "TopSeedInd_6": {
            "topSeedRealInd": 6.0,
            "topSeedFileInd": 1.0,
            "topSeedSpread": 22.85141315108656,
            "colAvgR": 0.6776676986584107,
            "colAvgG": 0.6863157894736842,
            "colAvgB": 0.4450567595459236,
            "topSeedPos": [
                19.853538569034427,
                9.322588776301334,
                168.19178323635472
            ]
        },
        "TopSeedInd_7": {
            "topSeedRealInd": 7.0,
            "topSeedFileInd": 2.0,
            "topSeedSpread": 18.658098021049593,
            "colAvgR": 0.7567320261437909,
            "colAvgG": 0.7645359477124184,
            "colAvgB": 0.47835947712418303,
            "topSeedPos": [
                5.251645732656156,
                16.52365607363237,
                181.08174451040637
            ]
        },
        "TopSeedInd_8": {
            "topSeedRealInd": 8.0,
            "topSeedFileInd": 3.0,
            "topSeedSpread": 27.469394702750623,
            "colAvgR": 0.7079059617101477,
            "colAvgG": 0.7141421155308667,
            "colAvgB": 0.45584763416327745,
            "topSeedPos": [
                14.653550596010154,
                19.6747961295299,
                186.1706802953797
            ]
        },
        "TopSeedInd_9": {
            "topSeedRealInd": 9.0,
            "topSeedFileInd": 6.0,
            "topSeedSpread": 22.287856973770005,
            "colAvgR": 0.7193567864747196,
            "colAvgG": 0.7239711443734707,
            "colAvgB": 0.4728699907839959,