{
    "sampleName": "HO1_H_4D",
    "samplePath": "HO1_HS4/rgbaOutput_7_15_23_C1_HO1_HS4_4D_0",
    "panicle": {
        "noTopSeeds": 9,
        "height": 231.00048189313588,
        "volume": 8167.689303794785,
        "maxSpreadVal": 29.722984217856613,
        "colAvgR": 0.5573115207857706,
        "colAvgG": 0.6217194064391471,
        "colAvgB": 0.3230702809793232,
        "maxSpreadPos": [
            -25.305680256731947,
            15.59096974402171,
            223.4429814166454
        ],
        "basePos": [
            37.060205914290115,
            19.63891752878385,
            17.063905907001146
        ]
    },
    "segment": {
        "segmentInd_0": {
            "endHeight": 77.00016063104529,
            "volumeSeg": 1219.7444809469998,
            "maxSpreadSegVal": 14.841406653203705,
            "noTopSeedSeg": 0,
            "colAvgR": 0.49610246194090823,
            "colAvgG": 0.5662618157938035,
            "colAvgB": 0.27034756273171,
            "maxSpreadSegPos": [
                -3.458280749811269,
                14.432866856631222,
                76.57806884566108
            ]
        },
        "segmentInd_1": {
            "endHeight": 154.00032126209058,
            "volumeSeg": 3977.2639291726764,
            "maxSpreadSegVal": 23.31222270123298,
            "noTopSeedSeg": 3,
            "colAvgR": 0.5555733327932464,
            "colAvgG": 0.6247842822214728,
            "colAvgB": 0.3117602053157986,
            "maxSpreadSegPos": [
                -15.467207745342705,
                17.44205297074553,
                153.8571120955364
            ]
        },
        "segmentInd_2": {
            "endHeight": 231.00048189313588,
            "volumeSeg": 2970.5667815522784,
            "maxSpreadSegVal": 29.722984217856613,
            "noTopSeedSeg": 6,
            "colAvgR": 0.5847805717246827,
            "colAvgG": 0.640395380647624,
            "colAvgB": 0.35985559251353233,
            "maxSpreadSegPos": [
                -25.305680256731947,
                15.59096974402171,
                223.4429814166454
            ]
        }
    },
    "branch": {
        "branchInd_0": {
            "branchHeight": 95.57229970473351,
            "branchSpread": 17.54522679933319
        },
        "branchInd_1": {
            "branchHeight": 142.06997291623605,
            "branchSpread": 9.12082381083189
        },
        "branchInd_2": {
            "branchHeight": 147.55334555933274,
            "branchSpread": 14.700256745641672
        },
        "branchInd_3": {
            "branchHeight": 167.15073742211993,
            "branchSpread": 12.640749718054064
        },
        "branchInd_4": {
            "branchHeight": 175.80054765210187,
            "branchSpread": 25.322681279227965
        },
        "branchInd_5": {
            "branchHeight": 191.36446748772457,
            "branchSpread": 21.272716675918613
        },
        "branchInd_6": {
            "branchHeight": 212.43904129227224,
            "branchSpread": 27.707960899473417
        },
        "branchInd_7": {
            "branchHeight": 225.95567828879783,
            "branchSpread": 29.722984217856613
        },
        "branchInd_8": {
            "branchHeight": 228.53878189667125,
            "branchSpread": 24.534033845778698
        }
    },
    "topSeeds": {
        "TopSeedInd_0": {
            "topSeedRealInd": 0.0,
            "topSeedFileInd": 4.0,
            "topSeedSpread": 17.54522679933319,
            "colAvgR": 0.5950418614765685,
            "colAvgG": 0.6601065564858105,
            "colAvgB": 0.3319778188539741,
            "topSeedPos": [
                -1.1129968334375704,
                14.9421257191065,
                95.57229970473351
            ]
        },
        "TopSeedInd_1": {
            "topSeedRealInd": 1.0,
            "topSeedFileInd": 2.0,
            "topSeedSpread": 9.12082381083189,
            "colAvgR": 0.6303986928104575,
            "colAvgG": 0.6960065359477123,
            "colAvgB": 0.37676470588235295,
            "topSeedPos": [
                -4.439976625872276,
                5.300784336360824,
                142.06997291623605
            ]
        },
        "TopSeedInd_2": {
            "topSeedRealInd": 2.0,
            "topSeedFileInd": 3.0,
            "topSeedSpread": 14.700256745641672,
            "colAvgR": 0.6274965800273598,
            "colAvgG": 0.6840629274965799,
            "colAvgB": 0.38818969448244417,
            "topSeedPos": [
                0.7342356762855005,
                12.098251309152651,
                147.55334555933274
            ]
        },
        "TopSeedInd_3": {
            "topSeedRealInd": 3.0,
            "topSeedFileInd": 0.0,
            "topSeedSpread": 12.640749718054064,
            "colAvgR": 0.683250309132662,
            "colAvgG": 0.7290796679031973,
            "colAvgB": 0.4481187069422364,
            "topSeedPos": [
                -9.554956626687236,
                5.3329201515922335,
                167.15073742211993
            ]
        },
        "TopSeedInd_4": {
            "topSeedRealInd": 4.0,
            "topSeedFileInd": 1.0,
            "topSeedSpread": 25.322681279227965,
            "colAvgR": 0.6385567341690774,
            "colAvgG": 0.6870379299260688,
            "colAvgB": 0.4009482481517197,
            "topSeedPos": [
                -11.754123418752226,
                20.38025348121306,
                175.80054765210187
            ]
        },
        "TopSeedInd_5": {
            "topSeedRealInd": 5.0,
            "topSeedFileInd": 7.0,
            "topSeedSpread": 21.272716675918613,
            "colAvgR": 0.6399286987522281,
            "colAvgG": 0.6954230083641848,
            "colAvgB": 0.4163170163170163,
            "topSeedPos": [
                -10.762242208678494,
                15.549715444105892,
                191.36446748772457
            ]
        },
        "TopSeedInd_6": {
            "topSeedRealInd": 6.0,
            "topSeedFileInd": 8.0,
            "topSeedSpread": 27.707960899473417,
            "colAvgR": 0.5740849673202615,
            "colAvgG": 0.6137254901960785,
            "colAvgB": 0.36314379084967324,
            "topSeedPos": [
                -20.125052912159834,
                13.636654298538602,
                212.43904129227224
            ]
        },
        "TopSeedInd_7": {
            "topSeedRealInd": 7.0,
            "topSeedFileInd": 5.0,
            "topSeedSpread": 29.722984217856613,
            "colAvgR": 0.5718257645968489,
            "colAvgG": 0.6144033146159298,
            "colAvgB": 0.373846517290883,
            "topSeedPos": [
                -22.46902774250132,
                14.139005288037993,
                225.95567828879783
            ]
        },
        "TopSeedInd_8": {
            "topSeedRealInd": 8.0,
            "topSeedFileInd": 6.0,
            "topSeedSpread": 24.534033845778698,
            "colAvgR": 0.6778745696751983,
            "colAvgG": 0.7232210746894177,
            "colAvgB": 0.46481664421493785,
            "topSeedPos": [
                -17.208226083727286,
                14.142204827205504,
                228.53878189667125
            ]
        }
    },
    "branch10Day": {}
}