{
    "sampleName": "HO1_H_7D",
    "samplePath": "HO1_HS4/rgbaOutput_7_18_23_C2_HO1_HS4_7D_0",
    "panicle": {
        "noTopSeeds": 9,
        "height": 211.1630418264073,
        "volume": 5884.920392598987,
        "maxSpreadVal": 17.192607323836498,
        "colAvgR": 0.4676629465049615,
        "colAvgG": 0.5091665811175959,
        "colAvgB": 0.22849681757522664,
        "maxSpreadPos": [
            -12.892370407746746,
            -11.374204669386444,
            127.48461991210982
        ],
        "basePos": [
            26.635793171811894,
            30.83144984119826,
            18.232012805293106
        ]
    },
    "segment": {
        "segmentInd_0": {
            "endHeight": 70.38768060880243,
            "volumeSeg": 804.1147301592575,
            "maxSpreadSegVal": 9.105696417534666,
            "noTopSeedSeg": 0,
            "colAvgR": 0.41689641987485787,
            "colAvgG": 0.4584527938213911,
            "colAvgB": 0.19877017747457978,
            "maxSpreadSegPos": [
                -6.760000689587388,
                -6.100499809448543,
                70.34216344126716
            ]
        },
        "segmentInd_1": {
            "endHeight": 140.77536121760485,
            "volumeSeg": 2932.556627949944,
            "maxSpreadSegVal": 17.192607323836498,
            "noTopSeedSeg": 3,
            "colAvgR": 0.4649854688592096,
            "colAvgG": 0.5093101080332085,
            "colAvgB": 0.21865847527244234,
            "maxSpreadSegPos": [
                -12.892370407746746,
                -11.374204669386444,
                127.48461991210982
            ]
        },
        "segmentInd_2": {
            "endHeight": 211.16304182640727,
            "volumeSeg": 2148.157334782845,
            "maxSpreadSegVal": 12.679444984623721,
            "noTopSeedSeg": 5,
            "colAvgR": 0.4903063966131066,
            "colAvgG": 0.5279428086440012,
            "colAvgB": 0.2530381024602399,
            "maxSpreadSegPos": [
                9.386139500066689,
                -8.524594442164828,
                184.4827634091729
            ]
        }
    },
    "branch": {
        "branchInd_0": {
            "branchHeight": 102.42290751665554,
            "branchSpread": 16.517401805364294
        },
        "branchInd_1": {
            "branchHeight": 128.88715109405084,
            "branchSpread": 17.192607323836498
        },
        "branchInd_2": {
            "branchHeight": 134.53984593473817,
            "branchSpread": 10.413138220381054
        },
        "branchInd_3": {
            "branchHeight": 157.40803560333745,
            "branchSpread": 10.0618439307249
        },
        "branchInd_4": {
            "branchHeight": 161.28399396092706,
            "branchSpread": 7.539052595953867
        },
        "branchInd_5": {
            "branchHeight": 185.8810368578431,
            "branchSpread": 12.679444984623718
        },
        "branchInd_6": {
            "branchHeight": 200.9459676610814,
            "branchSpread": 5.918162913819649
        },
        "branchInd_7": {
            "branchHeight": 209.92653336288905,
            "branchSpread": 8.878665842953794
        },
        "branchInd_8": {
            "branchHeight": 211.16304182640732,
            "branchSpread": 9.141142885774652
        }
    },
    "topSeeds": {
        "TopSeedInd_0": {
            "topSeedRealInd": 0.0,
            "topSeedFileInd": 0.0,
            "topSeedSpread": 16.517401805364294,
            "colAvgR": 0.5315168796423416,
            "colAvgG": 0.5682965466258317,
            "colAvgB": 0.272031541521456,
            "topSeedPos": [
                -14.126423139381727,
                -1.8209174014933858,
                102.42290751665554
            ]
        },
        "TopSeedInd_1": {
            "topSeedRealInd": 1.0,
            "topSeedFileInd": 1.0,
            "topSeedSpread": 17.192607323836498,
            "colAvgR": 0.5443523888428611,
            "colAvgG": 0.5771541010770505,
            "colAvgB": 0.29881938690969345,
            "topSeedPos": [
                -12.447931052248721,
                -9.148750035786868,
                128.88715109405084
            ]
        },
        "TopSeedInd_2": {
            "topSeedRealInd": 2.0,
            "topSeedFileInd": 2.0,
            "topSeedSpread": 10.413138220381054,
            "colAvgR": 0.5261159009058168,
            "colAvgG": 0.5669249517989015,
            "colAvgB": 0.26843464658590704,
            "topSeedPos": [
                -9.768386051390152,
                1.5563924996710377,
                134.53984593473817
            ]
        },
        "TopSeedInd_3": {
            "topSeedRealInd": 3.0,
            "topSeedFileInd": 4.0,
            "topSeedSpread": 10.0618439307249,
            "colAvgR": 0.5593805704099822,
            "colAvgG": 0.5951500297088532,
            "colAvgB": 0.2902480689245395,
            "topSeedPos": [
                -5.818167970577768,
                -5.6949284320322775,
                157.40803560333745
            ]
        },
        "TopSeedInd_4": {
            "topSeedRealInd": 4.0,
            "topSeedFileInd": 3.0,
            "topSeedSpread": 7.539052595953867,
            "colAvgR": 0.5671891124871001,
            "colAvgG": 0.600483746130031,
            "colAvgB": 0.31595072239422084,
            "topSeedPos": [
                4.5358783141922885,
                4.597299784310845,
                161.28399396092706
            ]
        },
        "TopSeedInd_5": {
            "topSeedRealInd": 5.0,
            "topSeedFileInd": 5.0,
            "topSeedSpread": 12.679444984623718,
            "colAvgR": 0.47262032085561495,
            "colAvgG": 0.5061746880570409,
            "colAvgB": 0.25654901960784315,
            "topSeedPos": [
                8.928700831326257,
                -6.299094585879256,
                185.8810368578431
            ]
        },
        "TopSeedInd_6": {
            "topSeedRealInd": 6.0,
            "topSeedFileInd": 8.0,
            "topSeedSpread": 5.918162913819649,
            "colAvgR": 0.4741886675930215,
            "colAvgG": 0.509439555349699,
            "colAvgB": 0.25201790952601516,
            "topSeedPos": [
                3.8976216495004508,
                3.303607737360789,
                200.9459676610814
            ]
        },
        "TopSeedInd_7": {
            "topSeedRealInd": 7.0,
            "topSeedFileInd": 7.0,
            "topSeedSpread": 8.878665842953794,
            "colAvgR": 0.5433831618455963,
            "colAvgG": 0.57593994693587,
            "colAvgB": 0.30832200867145537,
            "topSeedPos": [
                8.364570106042624,
                0.406765890049531,
                209.92653336288905
            ]
        },
        "TopSeedInd_8": {
            "topSeedRealInd": 8.0,
            "topSeedFileInd": 6.0,
            "topSeedSpread": 9.141142885774652,
            "colAvgR": 0.5208630164868716,
            "colAvgG": 0.5531854264197028,
            "colAvgB": 0.2946536400027139,
            "topSeedPos": [
                6.103737170313256,
                -4.581120703275317,
                211.16304182640732
            ]
        }
    },
    "branch10Day": {}
}