{
    "sampleName": "HO1_H_4D",
    "samplePath": "HO1_HS4/rgbaOutput_7_15_23_C1_HO1_HS4_4D_0",
    "panicle": {
        "noTopSeeds": 9,
        "height": 231.00048189313588,
        "volume": 8167.689303794785,
        "maxSpreadVal": 29.722984217856613,
        "colAvgR": 0.5573115207857706,
        "colAvgG": 0.6217194064391471,
        "colAvgB": 0.3230702809793232,
        "maxSpreadPos": [
            11.754525657558169,
            35.229887272805556,
            223.4429814166454
        ],
        "basePos": [
            37.060205914290115,
            19.63891752878385,
            17.063905907001146
        ]
    },
    "segment": {
        "segmentInd_0": {
            "endHeight": 77.00016063104529,
            "volumeSeg": 1219.7444809469998,
            "maxSpreadSegVal": 14.841406653203704,
            "noTopSeedSeg": 0,
            "colAvgR": 0.49610246194090823,
            "colAvgG": 0.5662618157938035,
            "colAvgB": 0.27034756273171,
            "maxSpreadSegPos": [
                33.60192516447885,
                34.07178438541507,
                76.57806884566108
            ]
        },
        "segmentInd_1": {
            "endHeight": 154.00032126209058,
            "volumeSeg": 3977.2639291726764,
            "maxSpreadSegVal": 23.31222270123298,
            "noTopSeedSeg": 3,
            "colAvgR": 0.5555733327932464,
            "colAvgG": 0.6247842822214728,
            "colAvgB": 0.3117602053157986,
            "maxSpreadSegPos": [
                21.59299816894741,
                37.08097049952938,
                153.8571120955364
            ]
        },
        "segmentInd_2": {
            "endHeight": 231.00048189313588,
            "volumeSeg": 2970.5667815522784,
            "maxSpreadSegVal": 29.722984217856613,
            "noTopSeedSeg": 6,
            "colAvgR": 0.5847805717246827,
            "colAvgG": 0.640395380647624,
            "colAvgB": 0.35985559251353233,
            "maxSpreadSegPos": [
                11.754525657558169,
                35.229887272805556,
                223.4429814166454
            ]
        }
    },
    "branch": {
        "branchInd_0": {
            "branchHeight": 95.57229970473351,
            "branchSpread": 17.54522679933319
        },
        "branchInd_1": {
            "branchHeight": 142.06997291623605,
            "branchSpread": 9.12082381083189
        },
        "branchInd_2": {
            "branchHeight": 147.55334555933274,
            "branchSpread": 14.700256745641672
        },
        "branchInd_3": {
            "branchHeight": 167.15073742211993,
            "branchSpread": 12.640749718054064
        },
        "branchInd_4": {
            "branchHeight": 175.80054765210187,
            "branchSpread": 25.322681279227965
        },
        "branchInd_5": {
            "branchHeight": 191.36446748772457,
            "branchSpread": 21.272716675918613
        },
        "branchInd_6": {
            "branchHeight": 212.43904129227224,
            "branchSpread": 27.707960899473417
        },
        "branchInd_7": {
            "branchHeight": 225.95567828879783,
            "branchSpread": 29.722984217856613
        },
        "branchInd_8": {
            "branchHeight": 228.53878189667125,
            "branchSpread": 24.534033845778698
        }
    },
    "topSeeds": {
        "TopSeedInd_0": {
            "topSeedRealInd": 0.0,
            "topSeedFileInd": 4.0,
            "topSeedSpread": 17.54522679933319,
            "colAvgR": 151.73567467652495,
            "colAvgG": 168.3271719038817,
            "colAvgB": 84.6543438077634,
            "topSeedPos": [
                35.947209080852545,
                34.58104324789035,
                95.57229970473351
            ]
        },
        "TopSeedInd_1": {
            "topSeedRealInd": 1.0,
            "topSeedFileInd": 2.0,
            "topSeedSpread": 9.12082381083189,
            "colAvgR": 160.75166666666667,
            "colAvgG": 177.48166666666665,
            "colAvgB": 96.075,
            "topSeedPos": [
                32.62022928841784,
                24.939701865144674,
                142.06997291623605
            ]
        },
        "TopSeedInd_2": {
            "topSeedRealInd": 2.0,
            "topSeedFileInd": 3.0,
            "topSeedSpread": 14.700256745641672,
            "colAvgR": 160.01162790697674,
            "colAvgG": 174.4360465116279,
            "colAvgB": 98.98837209302326,
            "topSeedPos": [
                37.794441590575616,
                31.7371688379365,
                147.55334555933274
            ]
        },
        "TopSeedInd_3": {
            "topSeedRealInd": 3.0,
            "topSeedFileInd": 0.0,
            "topSeedSpread": 12.640749718054064,
            "colAvgR": 174.22882882882882,
            "colAvgG": 185.91531531531533,
            "colAvgB": 114.27027027027027,
            "topSeedPos": [
                27.50524928760288,
                24.971837680376083,
                167.15073742211993
            ]
        },
        "TopSeedInd_4": {
            "topSeedRealInd": 4.0,
            "topSeedFileInd": 1.0,
            "topSeedSpread": 25.322681279227965,
            "colAvgR": 162.83196721311475,
            "colAvgG": 175.19467213114754,
            "colAvgB": 102.24180327868852,
            "topSeedPos": [
                25.30608249553789,
                40.01917100999691,
                175.80054765210187
            ]
        },
        "TopSeedInd_5": {
            "topSeedRealInd": 5.0,
            "topSeedFileInd": 7.0,
            "topSeedSpread": 21.272716675918613,
            "colAvgR": 163.1818181818182,
            "colAvgG": 177.33286713286714,
            "colAvgB": 106.16083916083916,
            "topSeedPos": [
                26.297963705611622,
                35.18863297288974,
                191.36446748772457
            ]
        },
        "TopSeedInd_6": {
            "topSeedRealInd": 6.0,
            "topSeedFileInd": 8.0,
            "topSeedSpread": 27.707960899473417,
            "colAvgR": 146.39166666666668,
            "colAvgG": 156.5,
            "colAvgB": 92.60166666666667,
            "topSeedPos": [
                16.93515300213028,
                33.27557182732245,
                212.43904129227224
            ]
        },
        "TopSeedInd_7": {
            "topSeedRealInd": 7.0,
            "topSeedFileInd": 5.0,
            "topSeedSpread": 29.722984217856613,
            "colAvgR": 145.81556997219647,
            "colAvgG": 156.67284522706208,
            "colAvgB": 95.33086190917516,
            "topSeedPos": [
                14.591178171788794,
                33.77792281682184,
                225.95567828879783
            ]
        },
        "TopSeedInd_8": {
            "topSeedRealInd": 8.0,
            "topSeedFileInd": 6.0,
            "topSeedSpread": 24.534033845778698,
            "colAvgR": 172.85801526717557,
            "colAvgG": 184.4213740458015,
            "colAvgB": 118.52824427480915,
            "topSeedPos": [
                19.85197983056283,
                33.78112235598935,
                228.53878189667125
            ]
        }
    },
    "branch10Day": {}
}