{
    "sampleName": "HO2_C_4D",
    "samplePath": "HO2_C4/rgbaOutput_7_16_23_C1_HO2_C4_4D_0",
    "panicle": {
        "noTopSeeds": 10,
        "height": 271.39345951343483,
        "volume": 9701.090317767934,
        "maxSpreadVal": 18.571973897888697,
        "colAvgR": 0.5684911864454776,
        "colAvgG": 0.6360412569823701,
        "colAvgB": 0.2763780530380498,
        "maxSpreadPos": [
            18.52002974060906,
            -1.3880608310931246,
            219.43842554641108
        ],
        "basePos": [
            10.889008937085713,
            43.9792494011597,
            35.99650311574992
        ]
    },
    "segment": {
        "segmentInd_0": {
            "endHeight": 90.46448650447827,
            "volumeSeg": 2326.128987440812,
            "maxSpreadSegVal": 9.268306962629815,
            "noTopSeedSeg": 0,
            "colAvgR": 0.5473243967032032,
            "colAvgG": 0.623655698308933,
            "colAvgB": 0.2429099391224457,
            "maxSpreadSegPos": [
                3.8302293435849144,
                -8.439837506082293,
                87.04003682469222
            ]
        },
        "segmentInd_1": {
            "endHeight": 180.92897300895655,
            "volumeSeg": 3895.461889272685,
            "maxSpreadSegVal": 15.558480293951504,
            "noTopSeedSeg": 3,
            "colAvgR": 0.5618892995804986,
            "colAvgG": 0.6333074941418377,
            "colAvgB": 0.26898487464662557,
            "maxSpreadSegPos": [
                4.765386075271362,
                -14.810719246913267,
                175.16075699168917
            ]
        },
        "segmentInd_2": {
            "endHeight": 271.39345951343483,
            "volumeSeg": 3479.2791219611013,
            "maxSpreadSegVal": 18.571973897888697,
            "noTopSeedSeg": 7,
            "colAvgR": 0.590046586010321,
            "colAvgG": 0.6473980372290944,
            "colAvgB": 0.30703036533761036,
            "maxSpreadSegPos": [
                18.52002974060906,
                -1.3880608310931246,
                219.43842554641108
            ]
        }
    },
    "branch": {
        "branchInd_0": {
            "branchHeight": 142.7204044935453,
            "branchSpread": 9.19952612757699
        },
        "branchInd_1": {
            "branchHeight": 175.77296883757384,
            "branchSpread": 15.558480293951503
        },
        "branchInd_2": {
            "branchHeight": 175.9326113030616,
            "branchSpread": 12.202048096343047
        },
        "branchInd_3": {
            "branchHeight": 201.24612644740785,
            "branchSpread": 7.165218970364933
        },
        "branchInd_4": {
            "branchHeight": 208.4653298576432,
            "branchSpread": 12.760259612817071
        },
        "branchInd_5": {
            "branchHeight": 226.0915965531325,
            "branchSpread": 18.571973897888693
        },
        "branchInd_6": {
            "branchHeight": 242.32311408432878,
            "branchSpread": 9.710718263951058
        },
        "branchInd_7": {
            "branchHeight": 252.70108069809476,
            "branchSpread": 11.980423526711277
        },
        "branchInd_8": {
            "branchHeight": 256.8733696435624,
            "branchSpread": 7.748842569470496
        },
        "branchInd_9": {
            "branchHeight": 271.39345951343483,
            "branchSpread": 10.557549581348413
        }
    },
    "topSeeds": {
        "TopSeedInd_0": {
            "topSeedRealInd": 0.0,
            "topSeedFileInd": 4.0,
            "topSeedSpread": 9.19952612757699,
            "colAvgR": 0.638562091503268,
            "colAvgG": 0.7012021475256769,
            "colAvgB": 0.33738328664799255,
            "topSeedPos": [
                6.677963413977658,
                1.2376346925462016,
                142.7204044935453
            ]
        },
        "TopSeedInd_1": {
            "topSeedRealInd": 1.0,
            "topSeedFileInd": 1.0,
            "topSeedSpread": 15.558480293951503,
            "colAvgR": 0.7109803921568628,
            "colAvgG": 0.7641254901960784,
            "colAvgB": 0.4091764705882353,
            "topSeedPos": [
                5.367477078881841,
                -14.213197282001406,
                175.77296883757384
            ]
        },
        "TopSeedInd_2": {
            "topSeedRealInd": 2.0,
            "topSeedFileInd": 5.0,
            "topSeedSpread": 12.202048096343047,
            "colAvgR": 0.6754631134221644,
            "colAvgG": 0.7236485754522803,
            "colAvgB": 0.3842053948651284,
            "topSeedPos": [
                11.406958037671508,
                -0.9266425111375511,
                175.9326113030616
            ]
        },
        "TopSeedInd_3": {
            "topSeedRealInd": 3.0,
            "topSeedFileInd": 9.0,
            "topSeedSpread": 7.165218970364933,
            "colAvgR": 0.6611791474268888,
            "colAvgG": 0.7210064913337348,
            "colAvgB": 0.3644114301010507,
            "topSeedPos": [
                2.872921505250506,
                -3.6113502717188837,
                201.24612644740785
            ]
        },
        "TopSeedInd_4": {
            "topSeedRealInd": 4.0,
            "topSeedFileInd": 2.0,
            "topSeedSpread": 12.760259612817071,
            "colAvgR": 0.6210968597965502,
            "colAvgG": 0.6832227627893263,
            "colAvgB": 0.3330532212885154,
            "topSeedPos": [
                8.286292187157049,
                -7.915894415894293,
                208.4653298576432
            ]
        },
        "TopSeedInd_5": {
            "topSeedRealInd": 5.0,
            "topSeedFileInd": 0.0,
            "topSeedSpread": 18.571973897888693,
            "colAvgR": 0.6290809722421976,
            "colAvgG": 0.6805695383287789,
            "colAvgB": 0.35519440049858575,
            "topSeedPos": [
                15.479591601654374,
                0.35332888653523753,
                226.0915965531325
            ]
        },
        "TopSeedInd_6": {
            "topSeedRealInd": 6.0,
            "topSeedFileInd": 3.0,
            "topSeedSpread": 9.710718263951058,
            "colAvgR": 0.613237434711876,
            "colAvgG": 0.6663669834746125,
            "colAvgB": 0.3573593629591575,
            "topSeedPos": [
                5.765679824019934,
                -4.047071455669688,
                242.32311408432878
            ]
        },
        "TopSeedInd_7": {
            "topSeedRealInd": 7.0,
            "topSeedFileInd": 7.0,
            "topSeedSpread": 11.980423526711277,
            "colAvgR": 0.627405292213973,
            "colAvgG": 0.6910565391205026,
            "colAvgB": 0.29921187892632783,
            "topSeedPos": [
                10.565517563884615,
                4.903013540754657,
                252.70108069809476
            ]
        },
        "TopSeedInd_8": {
            "topSeedRealInd": 8.0,
            "topSeedFileInd": 8.0,
            "topSeedSpread": 7.748842569470496,
            "colAvgR": 0.7103386809269162,
            "colAvgG": 0.7545811051693404,
            "colAvgB": 0.4159144385026738,
            "topSeedPos": [
                5.116764977511259,
                1.234621329437779,
                256.8733696435624
            ]
        },
        "TopSeedInd_9": {
            "topSeedRealInd": 9.0,
            "topSeedFileInd": 6.0,
            "topSeedSpread": 10.557549581348413,
            "colAvgR": 0.673192559074912,
            "colAvgG": 0.7021719457013575,
            "colAvgB": 0.41123177476118655,
            "topSeedPos": [
                5.071869603395044,
                3.496610131842772,
                271.39345951343483
            ]
        }
    },
    "branch10Day": {}
}