{
    "sampleName": "HO2_C_7D",
    "samplePath": "HO2_C4/rgbaOutput_7_19_23_C1_HO2_C4_7D_0",
    "panicle": {
        "noTopSeeds": 11,
        "height": 175.81845211093307,
        "volume": 6894.0626276161565,
        "maxSpreadVal": 18.832352801695553,
        "colAvgR": 0.5692378620466267,
        "colAvgG": 0.6269382267744729,
        "colAvgB": 0.31821461212586505,
        "maxSpreadPos": [
            11.210675297058291,
            15.132028001277861,
            107.37234096189242
        ],
        "basePos": [
            24.2808647511658,
            18.505033174810563,
            34.990288616784575
        ]
    },
    "segment": {
        "segmentInd_0": {
            "endHeight": 58.60615070364435,
            "volumeSeg": 1689.3002676177225,
            "maxSpreadSegVal": 10.343270807732303,
            "noTopSeedSeg": 0,
            "colAvgR": 0.531149250208438,
            "colAvgG": 0.5938569902716316,
            "colAvgB": 0.2799117672529452,
            "maxSpreadSegPos": [
                -1.6084675413919316,
                10.21744014762875,
                57.61957873123188
            ]
        },
        "segmentInd_1": {
            "endHeight": 117.2123014072887,
            "volumeSeg": 2972.8436899736676,
            "maxSpreadSegVal": 18.832352801695553,
            "noTopSeedSeg": 4,
            "colAvgR": 0.5742914886975121,
            "colAvgG": 0.6348856631306127,
            "colAvgB": 0.31830832478164034,
            "maxSpreadSegPos": [
                11.210675297058291,
                15.132028001277861,
                107.37234096189242
            ]
        },
        "segmentInd_2": {
            "endHeight": 175.81845211093307,
            "volumeSeg": 2231.845521143342,
            "maxSpreadSegVal": 14.780329216648628,
            "noTopSeedSeg": 7,
            "colAvgR": 0.5913396711311024,
            "colAvgG": 0.6413964491108586,
            "colAvgB": 0.34707366870574174,
            "maxSpreadSegPos": [
                7.949680806416848,
                12.460365437201455,
                122.83731091409157
            ]
        }
    },
    "branch": {
        "branchInd_0": {
            "branchHeight": 65.15345960794792,
            "branchSpread": 11.425511011629336
        },
        "branchInd_1": {
            "branchHeight": 86.92540536639166,
            "branchSpread": 14.568081680046733
        },
        "branchInd_2": {
            "branchHeight": 99.3626849075956,
            "branchSpread": 6.903323259637744
        },
        "branchInd_3": {
            "branchHeight": 109.06761988768088,
            "branchSpread": 18.832352801695546
        },
        "branchInd_4": {
            "branchHeight": 126.59032455106481,
            "branchSpread": 14.780329216648628
        },
        "branchInd_5": {
            "branchHeight": 132.03232301143495,
            "branchSpread": 9.95715763752886
        },
        "branchInd_6": {
            "branchHeight": 145.37998998642422,
            "branchSpread": 12.323590549813657
        },
        "branchInd_7": {
            "branchHeight": 154.6456141303814,
            "branchSpread": 10.966501793478228
        },
        "branchInd_8": {
            "branchHeight": 165.00854219124398,
            "branchSpread": 4.3820813303917205
        },
        "branchInd_9": {
            "branchHeight": 165.48511513005877,
            "branchSpread": 9.123214677589948
        },
        "branchInd_10": {
            "branchHeight": 174.2063989856783,
            "branchSpread": 2.792930918069489
        }
    },
    "topSeeds": {
        "TopSeedInd_0": {
            "topSeedRealInd": 0.0,
            "topSeedFileInd": 2.0,
            "topSeedSpread": 11.425511011629336,
            "colAvgR": 0.5516617994715617,
            "colAvgG": 0.6189459046029759,
            "colAvgB": 0.2954693366708385,
            "topSeedPos": [
                -1.1489923548146272,
                10.974837618840034,
                65.15345960794792
            ]
        },
        "TopSeedInd_1": {
            "topSeedRealInd": 1.0,
            "topSeedFileInd": 1.0,
            "topSeedSpread": 14.568081680046733,
            "colAvgR": 0.6783522630954398,
            "colAvgG": 0.7272984121602531,
            "colAvgB": 0.3971238062948523,
            "topSeedPos": [
                -0.19334851909623296,
                13.673991068174708,
                86.92540536639166
            ]
        },
        "TopSeedInd_2": {
            "topSeedRealInd": 2.0,
            "topSeedFileInd": 3.0,
            "topSeedSpread": 6.903323259637744,
            "colAvgR": 0.6056887288990701,
            "colAvgG": 0.6578744988955249,
            "colAvgB": 0.3517521612261038,
            "topSeedPos": [
                -5.9799626443037575,
                0.15991500545194626,
                99.3626849075956
            ]
        },
        "TopSeedInd_3": {
            "topSeedRealInd": 3.0,
            "topSeedFileInd": 0.0,
            "topSeedSpread": 18.832352801695546,
            "colAvgR": 0.6700689655172414,
            "colAvgG": 0.716132521974307,
            "colAvgB": 0.4166599053414469,
            "topSeedPos": [
                8.710594256671769,
                15.950789011614546,
                109.06761988768088
            ]
        },
        "TopSeedInd_4": {
            "topSeedRealInd": 4.0,
            "topSeedFileInd": 4.0,
            "topSeedSpread": 14.780329216648628,
            "colAvgR": 0.6731481481481482,
            "colAvgG": 0.7166320063378886,
            "colAvgB": 0.41882055852644084,
            "topSeedPos": [
                6.715617782829305,
                10.74804801424365,
                126.59032455106481
            ]
        },
        "TopSeedInd_5": {
            "topSeedRealInd": 5.0,
            "topSeedFileInd": 10.0,
            "topSeedSpread": 9.95715763752886,
            "colAvgR": 0.537851295467972,
            "colAvgG": 0.5996230342926266,
            "colAvgB": 0.28397333108279177,
            "topSeedPos": [
                1.7268029335699673,
                8.59987108605845,
                132.03232301143495
            ]
        },
        "TopSeedInd_6": {
            "topSeedRealInd": 6.0,
            "topSeedFileInd": 5.0,
            "topSeedSpread": 12.323590549813657,
            "colAvgR": 0.6479373395782065,
            "colAvgG": 0.692212431531317,
            "colAvgB": 0.3938398031277288,
            "topSeedPos": [
                8.073291308516389,
                8.459599545361929,
                145.37998998642422
            ]
        },
        "TopSeedInd_7": {
            "topSeedRealInd": 7.0,
            "topSeedFileInd": 6.0,
            "topSeedSpread": 10.966501793478228,
            "colAvgR": 0.6251188354129531,
            "colAvgG": 0.6716329966329967,
            "colAvgB": 0.3928005545652604,
            "topSeedPos": [
                0.17773546380983518,
                10.45378452499737,
                154.6456141303814
            ]
        },
        "TopSeedInd_8": {
            "topSeedRealInd": 8.0,
            "topSeedFileInd": 9.0,
            "topSeedSpread": 4.3820813303917205,
            "colAvgR": 0.6415659866640259,
            "colAvgG": 0.6795581083162783,
            "colAvgB": 0.38272485200589773,
            "topSeedPos": [
                -1.4381101689164737,
                0.7255276380891083,
                165.00854219124398
            ]
        },
        "TopSeedInd_9": {
            "topSeedRealInd": 9.0,
            "topSeedFileInd": 7.0,
            "topSeedSpread": 9.123214677589948,
            "colAvgR": 0.6570523374744299,
            "colAvgG": 0.6962181310183105,
            "colAvgB": 0.41725290625155914,
            "topSeedPos": [
                2.328301478354465,
                8.248753405928014,
                165.48511513005877
            ]
        },
        "TopSeedInd_10": {
            "topSeedRealInd": 10.0,