{
    "sampleName": "HO2_H_7D",
    "samplePath": "HO2_HS4/rgbaOutput_7_19_23_C2_HO2_HS4_7D_0",
    "panicle": {
        "noTopSeeds": 12,
        "height": 238.01344894814676,
        "volume": 6904.983904076347,
        "maxSpreadVal": 16.31411676876825,
        "colAvgR": 0.4765830016550879,
        "colAvgG": 0.5253284885032713,
        "colAvgB": 0.24633870948825168,
        "maxSpreadPos": [
            15.645051563961406,
            4.624150463165544,
            139.13386660761722
        ],
        "basePos": [
            25.620551860351743,
            28.77444457302099,
            12.973863615316256
        ]
    },
    "segment": {
        "segmentInd_0": {
            "endHeight": 79.33781631604892,
            "volumeSeg": 1612.1349561981374,
            "maxSpreadSegVal": 15.753299830226675,
            "noTopSeedSeg": 2,
            "colAvgR": 0.4307134234797628,
            "colAvgG": 0.4834081509321302,
            "colAvgB": 0.22204889097940347,
            "maxSpreadSegPos": [
                15.631585886989377,
                1.9544764513020727,
                72.60523975514147
            ]
        },
        "segmentInd_1": {
            "endHeight": 158.67563263209783,
            "volumeSeg": 2896.986866789712,
            "maxSpreadSegVal": 16.31411676876825,
            "noTopSeedSeg": 3,
            "colAvgR": 0.47472445927434614,
            "colAvgG": 0.5296997789913931,
            "colAvgB": 0.2326069443632069,
            "maxSpreadSegPos": [
                15.645051563961406,
                4.624150463165544,
                139.13386660761722
            ]
        },
        "segmentInd_2": {
            "endHeight": 238.01344894814673,
            "volumeSeg": 2395.736925048113,
            "maxSpreadSegVal": 15.034377700100482,
            "noTopSeedSeg": 6,
            "colAvgR": 0.5096973906060183,
            "colAvgG": 0.5482544287174927,
            "colAvgB": 0.27928423485156173,
            "maxSpreadSegPos": [
                12.587837417379594,
                8.220636349024137,
                176.59923973072716
            ]
        }
    },
    "branch": {
        "branchInd_0": {
            "branchHeight": 74.39047224142439,
            "branchSpread": 6.320363241009425
        },
        "branchInd_1": {
            "branchHeight": 75.59637865151876,
            "branchSpread": 15.753299830226672
        },
        "branchInd_2": {
            "branchHeight": 126.49562579323181,
            "branchSpread": 8.744790641065052
        },
        "branchInd_3": {
            "branchHeight": 131.05325302783325,
            "branchSpread": 14.616379572148151
        },
        "branchInd_4": {
            "branchHeight": 149.62473962605486,
            "branchSpread": 15.962072914372328
        },
        "branchInd_5": {
            "branchHeight": 175.44818417485465,
            "branchSpread": 8.3425671210531
        },
        "branchInd_6": {
            "branchHeight": 178.60655797201696,
            "branchSpread": 12.233416561444484
        },
        "branchInd_7": {
            "branchHeight": 188.99171968357564,
            "branchSpread": 10.491384458186722
        },
        "branchInd_8": {
            "branchHeight": 193.59950012433416,
            "branchSpread": 14.891466155054324
        },
        "branchInd_9": {
            "branchHeight": 224.0658510448231,
            "branchSpread": 8.447412283492964
        },
        "branchInd_10": {
            "branchHeight": 226.48155559636737,
            "branchSpread": 4.411816157053811
        },
        "branchInd_11": {
            "branchHeight": 238.01344894814676,
            "branchSpread": 5.262244312507063
        }
    },
    "topSeeds": {
        "TopSeedInd_0": {
            "topSeedRealInd": 0.0,
            "topSeedFileInd": 9.0,
            "topSeedSpread": 6.320363241009425,
            "colAvgR": 0.4384442301510768,
            "colAvgG": 0.49011893281902924,
            "colAvgB": 0.222526518804243,
            "topSeedPos": [
                1.597679519828322,
                4.9605226745044,
                74.39047224142439
            ]
        },
        "TopSeedInd_1": {
            "topSeedRealInd": 1.0,
            "topSeedFileInd": 3.0,
            "topSeedSpread": 15.753299830226672,
            "colAvgR": 0.4703105038049214,
            "colAvgG": 0.5124145975670722,
            "colAvgB": 0.2615452980058879,
            "topSeedPos": [
                14.586721187416654,
                -0.038760728483168805,
                75.59637865151876
            ]
        },
        "TopSeedInd_2": {
            "topSeedRealInd": 2.0,
            "topSeedFileInd": 2.0,
            "topSeedSpread": 8.744790641065052,
            "colAvgR": 0.5290464679022293,
            "colAvgG": 0.5820145044319097,
            "colAvgB": 0.259382218640881,
            "topSeedPos": [
                5.827394676030924,
                -0.9100037159222367,
                126.49562579323181
            ]
        },
        "TopSeedInd_3": {
            "topSeedRealInd": 3.0,
            "topSeedFileInd": 6.0,
            "topSeedSpread": 14.616379572148151,
            "colAvgR": 0.5116402116402117,
            "colAvgG": 0.556551509492686,
            "colAvgB": 0.2635958086938479,
            "topSeedPos": [
                11.2624831256778,
                9.105637546952298,
                131.05325302783325
            ]
        },
        "TopSeedInd_4": {
            "topSeedRealInd": 4.0,
            "topSeedFileInd": 10.0,
            "topSeedSpread": 15.962072914372328,
            "colAvgR": 0.5477183600713013,
            "colAvgG": 0.5888324420677362,
            "colAvgB": 0.2966221033868093,
            "topSeedPos": [
                14.488902605320934,
                3.6503436811311367,
                149.62473962605486
            ]
        },
        "TopSeedInd_5": {
            "topSeedRealInd": 5.0,
            "topSeedFileInd": 11.0,
            "topSeedSpread": 8.3425671210531,
            "colAvgR": 0.4929139972820812,
            "colAvgG": 0.5236264802950884,
            "colAvgB": 0.2778198408076102,
            "topSeedPos": [
                2.0994287280834847,
                6.2170777267503645,
                175.44818417485465
            ]
        },
        "TopSeedInd_6": {
            "topSeedRealInd": 6.0,
            "topSeedFileInd": 0.0,
            "topSeedSpread": 12.233416561444484,
            "colAvgR": 0.5782675334284657,
            "colAvgG": 0.6102108768035517,
            "colAvgB": 0.34479150150626287,
            "topSeedPos": [
                11.557690871041014,
                -0.27781920723756315,
                178.60655797201696
            ]
        },
        "TopSeedInd_7": {
            "topSeedRealInd": 7.0,
            "topSeedFileInd": 4.0,
            "topSeedSpread": 10.491384458186722,
            "colAvgR": 0.4940785291672779,
            "colAvgG": 0.5394455038873405,
            "colAvgB": 0.26989389271918246,
            "topSeedPos": [
                4.900038389521217,
                8.252191412641128,
                188.99171968357564
            ]
        },
        "TopSeedInd_8": {
            "topSeedRealInd": 8.0,
            "topSeedFileInd": 7.0,
            "topSeedSpread": 14.891466155054324,
            "colAvgR": 0.5877657493152472,
            "colAvgG": 0.6232772488152689,
            "colAvgB": 0.34462849441328636,
            "topSeedPos": [
                11.835378727782821,
                7.263320957833326,
                193.59950012433416
            ]
        },
        "TopSeedInd_9": {
            "topSeedRealInd": 9.0,
            "topSeedFileInd": 1.0,
            "topSeedSpread": 8.447412283492964,
            "colAvgR": 0.5524485656331498,
            "colAvgG": 0.5839660001931808,
            "colAvgB": 0.3224282816574906,