{
    "sampleName": "HO2_H_4D",
    "samplePath": "HO2_HS4/rgbaOutput_7_16_23_C1_HO2_HS4_4D_0",
    "panicle": {
        "noTopSeeds": 12,
        "height": 236.50571414701125,
        "volume": 8867.733729064952,
        "maxSpreadVal": 20.236853239283363,
        "colAvgR": 0.5287902526789274,
        "colAvgG": 0.5922877822164261,
        "colAvgB": 0.28800686862394903,
        "maxSpreadPos": [
            -18.974916061744864,
            7.034400434865096,
            201.5247214375221
        ],
        "basePos": [
            18.737719234963013,
            22.009576366289195,
            16.766860655483967
        ]
    },
    "segment": {
        "segmentInd_0": {
            "endHeight": 78.83523804900375,
            "volumeSeg": 2367.1197746724492,
            "maxSpreadSegVal": 17.068042607596446,
            "noTopSeedSeg": 2,
            "colAvgR": 0.48364503883259735,
            "colAvgG": 0.55404827901281,
            "colAvgB": 0.25092241472909677,
            "maxSpreadSegPos": [
                -14.539106259172888,
                8.940495939219899,
                73.55975284940708
            ]
        },
        "segmentInd_1": {
            "endHeight": 157.6704760980075,
            "volumeSeg": 3717.9930595184333,
            "maxSpreadSegVal": 19.84871171499082,
            "noTopSeedSeg": 3,
            "colAvgR": 0.5350962522972452,
            "colAvgG": 0.6006134217140395,
            "colAvgB": 0.2907804138084957,
            "maxSpreadSegPos": [
                -19.082300572083284,
                -5.4623403062683495,
                140.2212490029601
            ]
        },
        "segmentInd_2": {
            "endHeight": 236.50571414701125,
            "volumeSeg": 2782.497233826391,
            "maxSpreadSegVal": 20.236853239283363,
            "noTopSeedSeg": 7,
            "colAvgR": 0.5587702855908122,
            "colAvgG": 0.6136949033201919,
            "colAvgB": 0.3158341546475226,
            "maxSpreadSegPos": [
                -18.974916061744864,
                7.034400434865096,
                201.5247214375221
            ]
        }
    },
    "branch": {
        "branchInd_0": {
            "branchHeight": 74.46217904361765,
            "branchSpread": 4.460770058002549
        },
        "branchInd_1": {
            "branchHeight": 75.07000524687953,
            "branchSpread": 17.068042607596446
        },
        "branchInd_2": {
            "branchHeight": 124.98916136139196,
            "branchSpread": 16.329210029908598
        },
        "branchInd_3": {
            "branchHeight": 130.3730028251639,
            "branchSpread": 3.800685203356207
        },
        "branchInd_4": {
            "branchHeight": 148.2504360072847,
            "branchSpread": 19.690737473260747
        },
        "branchInd_5": {
            "branchHeight": 177.17577192303133,
            "branchSpread": 18.18185721155846
        },
        "branchInd_6": {
            "branchHeight": 186.95462937831223,
            "branchSpread": 10.654463325490365
        },
        "branchInd_7": {
            "branchHeight": 191.8781285202253,
            "branchSpread": 12.272883994586033
        },
        "branchInd_8": {
            "branchHeight": 204.09052027299953,
            "branchSpread": 20.236853239283363
        },
        "branchInd_9": {
            "branchHeight": 221.22347567643607,
            "branchSpread": 14.933748923011072
        },
        "branchInd_10": {
            "branchHeight": 223.7103006618961,
            "branchSpread": 15.771378239995554
        },
        "branchInd_11": {
            "branchHeight": 235.21436090117697,
            "branchSpread": 12.629814446123602
        }
    },
    "topSeeds": {
        "TopSeedInd_0": {
            "topSeedRealInd": 0.0,
            "topSeedFileInd": 4.0,
            "topSeedSpread": 4.460770058002549,
            "colAvgR": 0.504391587143332,
            "colAvgG": 0.5679342923610121,
            "colAvgB": 0.26089350994635147,
            "topSeedPos": [
                -1.6072331386098426,
                -0.02677922480072681,
                74.46217904361765
            ]
        },
        "TopSeedInd_1": {
            "topSeedRealInd": 1.0,
            "topSeedFileInd": 0.0,
            "topSeedSpread": 17.068042607596446,
            "colAvgR": 0.5339674593241551,
            "colAvgG": 0.5976554025865665,
            "colAvgB": 0.29490196078431374,
            "topSeedPos": [
                -14.0871159151435,
                7.446889079069813,
                75.07000524687953
            ]
        },
        "TopSeedInd_2": {
            "topSeedRealInd": 2.0,
            "topSeedFileInd": 2.0,
            "topSeedSpread": 16.329210029908598,
            "colAvgR": 0.6084293919588036,
            "colAvgG": 0.6734957417310359,
            "colAvgB": 0.34243612596553774,
            "topSeedPos": [
                -11.635548637115315,
                8.477098962337337,
                124.98916136139196
            ]
        },
        "TopSeedInd_3": {
            "topSeedRealInd": 3.0,
            "topSeedFileInd": 1.0,
            "topSeedSpread": 3.800685203356207,
            "colAvgR": 0.608122110632871,
            "colAvgG": 0.6629045113980552,
            "colAvgB": 0.3636059301769488,
            "topSeedPos": [
                1.158429489945462,
                0.01106967672200554,
                130.3730028251639
            ]
        },
        "TopSeedInd_4": {
            "topSeedRealInd": 4.0,
            "topSeedFileInd": 3.0,
            "topSeedSpread": 19.690737473260747,
            "colAvgR": 0.6059162244552331,
            "colAvgG": 0.6661397764480073,
            "colAvgB": 0.3471604380715818,
            "topSeedPos": [
                -17.335571061826457,
                -5.955127432743382,
                148.2504360072847
            ]
        },
        "TopSeedInd_5": {
            "topSeedRealInd": 5.0,
            "topSeedFileInd": 11.0,
            "topSeedSpread": 18.18185721155846,
            "colAvgR": 0.5792210793944297,
            "colAvgG": 0.6279055433568319,
            "colAvgB": 0.32739319696444397,
            "topSeedPos": [
                -16.73029648034695,
                -1.4516619004416746,
                177.17577192303133
            ]
        },
        "TopSeedInd_6": {
            "topSeedRealInd": 6.0,
            "topSeedFileInd": 5.0,
            "topSeedSpread": 10.654463325490365,
            "colAvgR": 0.5405725329146033,
            "colAvgG": 0.594967186053066,
            "colAvgB": 0.30222651689012364,
            "topSeedPos": [
                -6.563926029064724,
                5.031566631141782,
                186.95462937831223
            ]
        },
        "TopSeedInd_7": {
            "topSeedRealInd": 7.0,
            "topSeedFileInd": 6.0,
            "topSeedSpread": 12.272883994586033,
            "colAvgR": 0.614610738810292,
            "colAvgG": 0.6688260114172251,
            "colAvgB": 0.36861090427732274,
            "topSeedPos": [
                -8.709116913315993,
                -2.438201989324753,
                191.8781285202253
            ]
        },
        "TopSeedInd_8": {
            "topSeedRealInd": 8.0,
            "topSeedFileInd": 7.0,
            "topSeedSpread": 20.236853239283363,
            "colAvgR": 0.6062659846547315,
            "colAvgG": 0.6539300937766411,
            "colAvgB": 0.37381926683716965,
            "topSeedPos": [
                -16.561653660459964,
                8.032530395654476,
                204.09052027299953
            ]
        },
        "TopSeedInd_9": {
            "topSeedRealInd": 9.0,
            "topSeedFileInd": 10.0,
            "topSeedSpread": 14.933748923011072,
            "colAvgR": 0.5922707147375079,
            "colAvgG": 0.6410942441492726,
            "colAvgB": 0.3324541429475016,