{
    "sampleName": "KIT_C_7D",
    "samplePath": "KIT_C1/rgbaOutput_7_19_23_C2_KIT_C1_7D_0",
    "panicle": {
        "noTopSeeds": 10,
        "height": 207.43638557199736,
        "volume": 6498.782441076895,
        "maxSpreadVal": 33.29269250455938,
        "colAvgR": 0.5558342532251276,
        "colAvgG": 0.584618650343297,
        "colAvgB": 0.2800481078387232,
        "maxSpreadPos": [
            32.434387222241185,
            -7.510918700189897,
            182.5200460261573
        ],
        "basePos": [
            13.732212510421956,
            33.827725989813885,
            21.542386276441515
        ]
    },
    "segment": {
        "segmentInd_0": {
            "endHeight": 69.14546185733245,
            "volumeSeg": 1354.0663120646414,
            "maxSpreadSegVal": 12.761819081569499,
            "noTopSeedSeg": 0,
            "colAvgR": 0.5044248569598255,
            "colAvgG": 0.5311094044616582,
            "colAvgB": 0.24534792908481184,
            "maxSpreadSegPos": [
                11.914632220277527,
                -4.572260417587342,
                68.61839707332479
            ]
        },
        "segmentInd_1": {
            "endHeight": 138.2909237146649,
            "volumeSeg": 2972.4129136799734,
            "maxSpreadSegVal": 23.94513018900746,
            "noTopSeedSeg": 4,
            "colAvgR": 0.5537286158009741,
            "colAvgG": 0.5859776365335502,
            "colAvgB": 0.2748301784257928,
            "maxSpreadSegPos": [
                10.557354967105251,
                -21.49212683442601,
                122.8103646927081
            ]
        },
        "segmentInd_2": {
            "endHeight": 207.43638557199733,
            "volumeSeg": 2172.2134766940626,
            "maxSpreadSegVal": 33.29269250455938,
            "noTopSeedSeg": 6,
            "colAvgR": 0.5907707212439509,
            "colAvgG": 0.6161227243933807,
            "colAvgB": 0.30881178382276353,
            "maxSpreadSegPos": [
                32.434387222241185,
                -7.510918700189897,
                182.5200460261573
            ]
        }
    },
    "branch": {
        "branchInd_0": {
            "branchHeight": 86.02401019491026,
            "branchSpread": 8.349131411347054
        },
        "branchInd_1": {
            "branchHeight": 92.67908213304904,
            "branchSpread": 2.3987108649775495
        },
        "branchInd_2": {
            "branchHeight": 126.38575838859548,
            "branchSpread": 23.94513018900746
        },
        "branchInd_3": {
            "branchHeight": 130.90455686451534,
            "branchSpread": 22.696892358421675
        },
        "branchInd_4": {
            "branchHeight": 142.5565481898978,
            "branchSpread": 21.272305199280844
        },
        "branchInd_5": {
            "branchHeight": 163.97307664241066,
            "branchSpread": 16.043112281732892
        },
        "branchInd_6": {
            "branchHeight": 165.3551005847333,
            "branchSpread": 16.99550288879972
        },
        "branchInd_7": {
            "branchHeight": 184.3092669246545,
            "branchSpread": 33.29269250455938
        },
        "branchInd_8": {
            "branchHeight": 188.33160645646535,
            "branchSpread": 32.29689367173112
        },
        "branchInd_9": {
            "branchHeight": 201.63619991642975,
            "branchSpread": 20.80023952338781
        }
    },
    "topSeeds": {
        "TopSeedInd_0": {
            "topSeedRealInd": 0.0,
            "topSeedFileInd": 1.0,
            "topSeedSpread": 8.349131411347054,
            "colAvgR": 0.6180738962251567,
            "colAvgG": 0.643890889689209,
            "colAvgB": 0.32931172468987596,
            "topSeedPos": [
                6.841258885730447,
                2.6209529770896367,
                86.02401019491026
            ]
        },
        "TopSeedInd_1": {
            "topSeedRealInd": 1.0,
            "topSeedFileInd": 0.0,
            "topSeedSpread": 2.3987108649775495,
            "colAvgR": 0.5830646849487126,
            "colAvgG": 0.6146116809713209,
            "colAvgB": 0.29993719907891986,
            "topSeedPos": [
                -0.82673508229853,
                -0.05381318325100182,
                92.67908213304904
            ]
        },
        "TopSeedInd_2": {
            "topSeedRealInd": 2.0,
            "topSeedFileInd": 3.0,
            "topSeedSpread": 23.94513018900746,
            "colAvgR": 0.6579195525639775,
            "colAvgG": 0.6774233408122785,
            "colAvgB": 0.3640035118525022,
            "topSeedPos": [
                10.079144366997806,
                -20.14286770415609,
                126.38575838859548
            ]
        },
        "TopSeedInd_3": {
            "topSeedRealInd": 3.0,
            "topSeedFileInd": 2.0,
            "topSeedSpread": 22.696892358421675,
            "colAvgR": 0.6314618316678686,
            "colAvgG": 0.6492565502558292,
            "colAvgB": 0.3499879811819649,
            "topSeedPos": [
                16.308690230052793,
                -13.419555949461056,
                130.90455686451534
            ]
        },
        "TopSeedInd_4": {
            "topSeedRealInd": 4.0,
            "topSeedFileInd": 9.0,
            "topSeedSpread": 21.272305199280844,
            "colAvgR": 0.5109579831932772,
            "colAvgG": 0.5410868347338936,
            "colAvgB": 0.2563865546218488,
            "topSeedPos": [
                20.23877113001657,
                -0.41609102052333213,
                142.5565481898978
            ]
        },
        "TopSeedInd_5": {
            "topSeedRealInd": 5.0,
            "topSeedFileInd": 4.0,
            "topSeedSpread": 16.043112281732892,
            "colAvgR": 0.6039281705948372,
            "colAvgG": 0.6270086485772761,
            "colAvgB": 0.3142404436522084,
            "topSeedPos": [
                12.444891495585509,
                4.097783008678363,
                163.97307664241066
            ]
        },
        "TopSeedInd_6": {
            "topSeedRealInd": 6.0,
            "topSeedFileInd": 5.0,
            "topSeedSpread": 16.99550288879972,
            "colAvgR": 0.6029193252338082,
            "colAvgG": 0.6257203624391807,
            "colAvgB": 0.30922122192116075,
            "topSeedPos": [
                16.46263280575016,
                1.4138835348441319,
                165.3551005847333
            ]
        },
        "TopSeedInd_7": {
            "topSeedRealInd": 7.0,
            "topSeedFileInd": 7.0,
            "topSeedSpread": 33.29269250455938,
            "colAvgR": 0.5876196022963641,
            "colAvgG": 0.6073383808969133,
            "colAvgB": 0.3123665307707241,
            "topSeedPos": [
                32.419128552022386,
                -6.612434701940185,
                184.3092669246545
            ]
        },
        "TopSeedInd_8": {
            "topSeedRealInd": 8.0,
            "topSeedFileInd": 8.0,
            "topSeedSpread": 32.29689367173112,
            "colAvgR": 0.6448708538673936,
            "colAvgG": 0.6586208101779035,
            "colAvgB": 0.37730942644437454,
            "topSeedPos": [
                31.489398565011665,
                -7.05323301046187,
                188.33160645646535
            ]
        },
        "TopSeedInd_9": {
            "topSeedRealInd": 9.0,
            "topSeedFileInd": 6.0,
            "topSeedSpread": 20.80023952338781,
            "colAvgR": 0.6419898329702252,
            "colAvgG": 0.6532122972645849,
            "colAvgB": 0.37603969983054947,
            "topSeedPos": [
                19.287378043429957,
                6.400892453708678,
                201.63619991642975
            ]
        }
    },
    "branch10Day": {}
}