{
    "sampleName": "KIT_H_7D",
    "samplePath": "KIT_HS1/rgbaOutput_7_20_23_C1_KIT_HS1_7D_0",
    "panicle": {
        "noTopSeeds": 11,
        "height": 208.9854835395212,
        "volume": 8566.126196069072,
        "maxSpreadVal": 24.630976579935357,
        "colAvgR": 0.5921006200584389,
        "colAvgG": 0.6404138527708636,
        "colAvgB": 0.3609432989577158,
        "maxSpreadPos": [
            -14.46811449006587,
            -19.933857388465235,
            180.4907836416421
        ],
        "basePos": [
            35.11855613146078,
            35.07878524062114,
            18.419189558942264
        ]
    },
    "segment": {
        "segmentInd_0": {
            "endHeight": 69.66182784650707,
            "volumeSeg": 1822.6773387921564,
            "maxSpreadSegVal": 10.143870548911394,
            "noTopSeedSeg": 0,
            "colAvgR": 0.5469878697402122,
            "colAvgG": 0.6046367828227484,
            "colAvgB": 0.3016217198062698,
            "maxSpreadSegPos": [
                -9.880126104319551,
                -2.2980900495444745,
                68.54634051933115
            ]
        },
        "segmentInd_1": {
            "endHeight": 139.32365569301413,
            "volumeSeg": 4068.79342052961,
            "maxSpreadSegVal": 17.55131857748013,
            "noTopSeedSeg": 4,
            "colAvgR": 0.5930705703509849,
            "colAvgG": 0.6448054069790995,
            "colAvgB": 0.3570587938635909,
            "maxSpreadSegPos": [
                -16.19488934170507,
                -6.765673877606479,
                139.21748548296972
            ]
        },
        "segmentInd_2": {
            "endHeight": 208.9854835395212,
            "volumeSeg": 2674.5674951599854,
            "maxSpreadSegVal": 24.630976579935357,
            "noTopSeedSeg": 7,
            "colAvgR": 0.6213774682265808,
            "colAvgG": 0.6581232354842395,
            "colAvgB": 0.40727668702043063,
            "maxSpreadSegPos": [
                -14.46811449006587,
                -19.933857388465235,
                180.4907836416421
            ]
        }
    },
    "branch": {
        "branchInd_0": {
            "branchHeight": 92.55292860316392,
            "branchSpread": 11.72610640182625
        },
        "branchInd_1": {
            "branchHeight": 116.18138674377207,
            "branchSpread": 7.9101253055659155
        },
        "branchInd_2": {
            "branchHeight": 117.8892769209574,
            "branchSpread": 9.79645505268957
        },
        "branchInd_3": {
            "branchHeight": 130.9080785038538,
            "branchSpread": 14.74272436438255
        },
        "branchInd_4": {
            "branchHeight": 146.8061112211587,
            "branchSpread": 8.465344742693558
        },
        "branchInd_5": {
            "branchHeight": 148.99239095070885,
            "branchSpread": 19.13626749362993
        },
        "branchInd_6": {
            "branchHeight": 169.02697488065806,
            "branchSpread": 10.613173673378304
        },
        "branchInd_7": {
            "branchHeight": 174.76507742472742,
            "branchSpread": 17.55528481342355
        },
        "branchInd_8": {
            "branchHeight": 182.28068278504082,
            "branchSpread": 24.630976579935357
        },
        "branchInd_9": {
            "branchHeight": 199.26912122950364,
            "branchSpread": 22.497762116262944
        },
        "branchInd_10": {
            "branchHeight": 207.26290902750227,
            "branchSpread": 20.104809534989588
        }
    },
    "topSeeds": {
        "TopSeedInd_0": {
            "topSeedRealInd": 0.0,
            "topSeedFileInd": 5.0,
            "topSeedSpread": 11.72610640182625,
            "colAvgR": 0.6242342098129574,
            "colAvgG": 0.6685039607240746,
            "colAvgB": 0.3846992560465046,
            "topSeedPos": [
                -8.131564404079931,
                -3.790227786313835,
                92.55292860316392
            ]
        },
        "TopSeedInd_1": {
            "topSeedRealInd": 1.0,
            "topSeedFileInd": 2.0,
            "topSeedSpread": 7.9101253055659155,
            "colAvgR": 0.6594120845728176,
            "colAvgG": 0.7074497009244155,
            "colAvgB": 0.4294981287784282,
            "topSeedPos": [
                6.958442684741762,
                2.2802014510880113,
                116.18138674377207
            ]
        },
        "TopSeedInd_2": {
            "topSeedRealInd": 2.0,
            "topSeedFileInd": 9.0,
            "topSeedSpread": 9.79645505268957,
            "colAvgR": 0.6799011369253584,
            "colAvgG": 0.719268413247652,
            "colAvgB": 0.4129510627780524,
            "topSeedPos": [
                -2.827098946537369,
                -6.625225578214508,
                117.8892769209574
            ]
        },
        "TopSeedInd_3": {
            "topSeedRealInd": 3.0,
            "topSeedFileInd": 0.0,
            "topSeedSpread": 14.74272436438255,
            "colAvgR": 0.6984716545228363,
            "colAvgG": 0.7367928440258278,
            "colAvgB": 0.47423138439665896,
            "topSeedPos": [
                8.718724709169038,
                9.743292965720386,
                130.9080785038538
            ]
        },
        "TopSeedInd_4": {
            "topSeedRealInd": 4.0,
            "topSeedFileInd": 10.0,
            "topSeedSpread": 8.465344742693558,
            "colAvgR": 0.6573459183100174,
            "colAvgG": 0.6968369009494915,
            "colAvgB": 0.42905781223664247,
            "topSeedPos": [
                -0.19531236686001563,
                -5.481438056268505,
                146.8061112211587
            ]
        },
        "TopSeedInd_5": {
            "topSeedRealInd": 5.0,
            "topSeedFileInd": 3.0,
            "topSeedSpread": 19.13626749362993,
            "colAvgR": 0.5947581885821376,
            "colAvgG": 0.6317417694609941,
            "colAvgB": 0.37929568403681013,
            "topSeedPos": [
                -15.762503628045586,
                -8.164137034107323,
                148.99239095070885
            ]
        },
        "TopSeedInd_6": {
            "topSeedRealInd": 6.0,
            "topSeedFileInd": 4.0,
            "topSeedSpread": 10.613173673378304,
            "colAvgR": 0.7022451728783117,
            "colAvgG": 0.7279050042408821,
            "colAvgB": 0.4837200019957092,
            "topSeedPos": [
                0.6660980244073897,
                -7.8512393697969785,
                169.02697488065806
            ]
        },
        "TopSeedInd_7": {
            "topSeedRealInd": 7.0,
            "topSeedFileInd": 8.0,
            "topSeedSpread": 17.55528481342355,
            "colAvgR": 0.692672858617131,
            "colAvgG": 0.7162280701754387,
            "colAvgB": 0.4597626418988648,
            "topSeedPos": [
                -7.790407295948167,
                -12.780824826880856,
                174.76507742472742
            ]
        },
        "TopSeedInd_8": {
            "topSeedRealInd": 8.0,
            "topSeedFileInd": 1.0,
            "topSeedSpread": 24.630976579935357,
            "colAvgR": 0.719726379216674,
            "colAvgG": 0.7457648046624191,
            "colAvgB": 0.504711809156912,
            "topSeedPos": [
                -14.915058551155543,
                -18.16681239021274,
                182.28068278504082
            ]
        },
        "TopSeedInd_9": {
            "topSeedRealInd": 9.0,
            "topSeedFileInd": 7.0,
            "topSeedSpread": 22.497762116262944,
            "colAvgR": 0.6255592881137874,
            "colAvgG": 0.6578133562051794,
            "colAvgB": 0.4291044242727468,
            "topSeedPos": [
                -17.604575776762523,
                -4.048019036785259,
                199.26912122950364
            ]
        },
        "TopSeedInd_10": {
            "topSeedRealInd": 10.0,