{
    "sampleName": "KIT_H_4D",
    "samplePath": "KIT_HS1/rgbaOutput_7_17_23_C1_KIT_HS1_4D_0",
    "panicle": {
        "noTopSeeds": 8,
        "height": 214.68376219320905,
        "volume": 8354.48306301322,
        "maxSpreadVal": 19.114871433968236,
        "colAvgR": 0.5913680812077373,
        "colAvgG": 0.6317172531111808,
        "colAvgB": 0.3327173692390111,
        "maxSpreadPos": [
            14.154760738588553,
            -12.846052248471004,
            211.45582971151333
        ],
        "basePos": [
            14.675396372818643,
            29.758276450652744,
            18.79288363083736
        ]
    },
    "segment": {
        "segmentInd_0": {
            "endHeight": 71.56125406440302,
            "volumeSeg": 1845.0002776822564,
            "maxSpreadSegVal": 11.175402063179286,
            "noTopSeedSeg": 0,
            "colAvgR": 0.5659540647212653,
            "colAvgG": 0.6099601701574343,
            "colAvgB": 0.2984273785259594,
            "maxSpreadSegPos": [
                -10.758365193146501,
                -3.0244321193582238,
                71.31221660320068
            ]
        },
        "segmentInd_1": {
            "endHeight": 143.12250812880603,
            "volumeSeg": 3925.783640137151,
            "maxSpreadSegVal": 14.360054880659268,
            "noTopSeedSeg": 2,
            "colAvgR": 0.5881744543878505,
            "colAvgG": 0.6312820911887888,
            "colAvgB": 0.32419784702816234,
            "maxSpreadSegPos": [
                -13.86629807076569,
                -3.733223002745182,
                93.11297500028252
            ]
        },
        "segmentInd_2": {
            "endHeight": 214.68376219320905,
            "volumeSeg": 2583.604718648048,
            "maxSpreadSegVal": 19.114871433968236,
            "noTopSeedSeg": 6,
            "colAvgR": 0.6143639400864428,
            "colAvgG": 0.6479164919869005,
            "colAvgB": 0.37013998026381423,
            "maxSpreadSegPos": [
                14.154760738588553,
                -12.846052248471004,
                211.45582971151333
            ]
        }
    },
    "branch": {
        "branchInd_0": {
            "branchHeight": 95.44182633351977,
            "branchSpread": 14.360054880659268
        },
        "branchInd_1": {
            "branchHeight": 123.26991481763693,
            "branchSpread": 12.72020263560312
        },
        "branchInd_2": {
            "branchHeight": 156.1286159556385,
            "branchSpread": 8.57392084852589
        },
        "branchInd_3": {
            "branchHeight": 175.14742632590117,
            "branchSpread": 17.384954581939187
        },
        "branchInd_4": {
            "branchHeight": 182.32554012685787,
            "branchSpread": 7.962086787352242
        },
        "branchInd_5": {
            "branchHeight": 190.18308626250177,
            "branchSpread": 12.15096217714097
        },
        "branchInd_6": {
            "branchHeight": 206.95141874943826,
            "branchSpread": 12.106006520103346
        },
        "branchInd_7": {
            "branchHeight": 213.2796535670675,
            "branchSpread": 19.114871433968236
        }
    },
    "topSeeds": {
        "TopSeedInd_0": {
            "topSeedRealInd": 0.0,
            "topSeedFileInd": 0.0,
            "topSeedSpread": 14.360054880659268,
            "colAvgR": 0.632649977679338,
            "colAvgG": 0.6793928779918272,
            "colAvgB": 0.36712338175200027,
            "topSeedPos": [
                -12.084452049422987,
                -1.9384760967565668,
                95.44182633351977
            ]
        },
        "TopSeedInd_1": {
            "topSeedRealInd": 1.0,
            "topSeedFileInd": 2.0,
            "topSeedSpread": 12.72020263560312,
            "colAvgR": 0.6563781650139597,
            "colAvgG": 0.6979429414973846,
            "colAvgB": 0.39435191425178906,
            "topSeedPos": [
                -4.3663109690317885,
                -9.54716993178197,
                123.26991481763693
            ]
        },
        "TopSeedInd_2": {
            "topSeedRealInd": 2.0,
            "topSeedFileInd": 6.0,
            "topSeedSpread": 8.57392084852589,
            "colAvgR": 0.6768772939192541,
            "colAvgG": 0.7191085540455643,
            "colAvgB": 0.4225771252851899,
            "topSeedPos": [
                -4.020492935266102,
                -4.463771812679283,
                156.1286159556385
            ]
        },
        "TopSeedInd_3": {
            "topSeedRealInd": 3.0,
            "topSeedFileInd": 1.0,
            "topSeedSpread": 17.384954581939187,
            "colAvgR": 0.5896138230573128,
            "colAvgG": 0.6192994051553206,
            "colAvgB": 0.35595002045762125,
            "topSeedPos": [
                16.14683135740591,
                -4.6825415680995945,
                175.14742632590117
            ]
        },
        "TopSeedInd_4": {
            "topSeedRealInd": 4.0,
            "topSeedFileInd": 7.0,
            "topSeedSpread": 7.962086787352242,
            "colAvgR": 0.6479494848786972,
            "colAvgG": 0.6884346959122633,
            "colAvgB": 0.3871385842472582,
            "topSeedPos": [
                5.5488416820210915,
                1.60868457377169,
                182.32554012685787
            ]
        },
        "TopSeedInd_5": {
            "topSeedRealInd": 5.0,
            "topSeedFileInd": 5.0,
            "topSeedSpread": 12.15096217714097,
            "colAvgR": 0.659671768393878,
            "colAvgG": 0.6824082611100867,
            "colAvgB": 0.41192451902391053,
            "topSeedPos": [
                10.4236764365501,
                4.250361240214524,
                190.18308626250177
            ]
        },
        "TopSeedInd_6": {
            "topSeedRealInd": 6.0,
            "topSeedFileInd": 4.0,
            "topSeedSpread": 12.106006520103346,
            "colAvgR": 0.6751170809531162,
            "colAvgG": 0.7004271524882919,
            "colAvgB": 0.43197982605115537,
            "topSeedPos": [
                10.58974951752954,
                -3.2306971831578544,
                206.95141874943826
            ]
        },
        "TopSeedInd_7": {
            "topSeedRealInd": 7.0,
            "topSeedFileInd": 3.0,
            "topSeedSpread": 19.114871433968236,
            "colAvgR": 0.6848560700876095,
            "colAvgG": 0.7037315162471608,
            "colAvgB": 0.43696287025448477,
            "topSeedPos": [
                13.668020133992062,
                -11.956471210010431,
                213.2796535670675
            ]
        }
    },
    "branch10Day": {}
}