{
    "sampleName": "KIT_C_4D",
    "samplePath": "KIT_C1/rgbaOutput_7_16_23_C1_KIT_C1_4D_0",
    "panicle": {
        "noTopSeeds": 8,
        "height": 222.2218399517988,
        "volume": 8306.475932449948,
        "maxSpreadVal": 14.307641622931964,
        "colAvgR": 0.591443935275962,
        "colAvgG": 0.639060625512488,
        "colAvgB": 0.3263730908247353,
        "maxSpreadPos": [
            -8.528241076199157,
            -11.488155333058684,
            139.50942920377423
        ],
        "basePos": [
            36.5893416028273,
            53.59906429466376,
            26.063034740995118
        ]
    },
    "segment": {
        "segmentInd_0": {
            "endHeight": 74.07394665059961,
            "volumeSeg": 1931.8550991100597,
            "maxSpreadSegVal": 9.348094030225147,
            "noTopSeedSeg": 0,
            "colAvgR": 0.5640973426944221,
            "colAvgG": 0.6188446260839833,
            "colAvgB": 0.29130223466261446,
            "maxSpreadSegPos": [
                9.26216744135828,
                1.264561697258627,
                73.42815475665812
            ]
        },
        "segmentInd_1": {
            "endHeight": 148.14789330119922,
            "volumeSeg": 3814.5429072349893,
            "maxSpreadSegVal": 14.307641622931964,
            "noTopSeedSeg": 3,
            "colAvgR": 0.5877407261010436,
            "colAvgG": 0.6385457616155272,
            "colAvgB": 0.32429743552882995,
            "maxSpreadSegPos": [
                -8.528241076199157,
                -11.488155333058684,
                139.50942920377423
            ]
        },
        "segmentInd_2": {
            "endHeight": 222.2218399517988,
            "volumeSeg": 2559.9614159366884,
            "maxSpreadSegVal": 10.060405645276498,
            "noTopSeedSeg": 5,
            "colAvgR": 0.6175944071420489,
            "colAvgG": 0.6550813334618084,
            "colAvgB": 0.3559200122793692,
            "maxSpreadSegPos": [
                -8.500602830270418,
                -5.380661043915496,
                177.09073174718864
            ]
        }
    },
    "branch": {
        "branchInd_0": {
            "branchHeight": 93.6847669195773,
            "branchSpread": 4.899842495781702
        },
        "branchInd_1": {
            "branchHeight": 140.78311371306907,
            "branchSpread": 7.385508955583517
        },
        "branchInd_2": {
            "branchHeight": 141.9748467265853,
            "branchSpread": 14.307641622931964
        },
        "branchInd_3": {
            "branchHeight": 156.45587718904912,
            "branchSpread": 8.70630018697253
        },
        "branchInd_4": {
            "branchHeight": 178.10005376263226,
            "branchSpread": 7.119727236525165
        },
        "branchInd_5": {
            "branchHeight": 179.04964732184405,
            "branchSpread": 10.060405645276497
        },
        "branchInd_6": {
            "branchHeight": 207.46296560794235,
            "branchSpread": 5.9769216509141145
        },
        "branchInd_7": {
            "branchHeight": 222.2218399517988,
            "branchSpread": 4.951622429739883
        }
    },
    "topSeeds": {
        "TopSeedInd_0": {
            "topSeedRealInd": 0.0,
            "topSeedFileInd": 1.0,
            "topSeedSpread": 4.899842495781702,
            "colAvgR": 0.6298942905754051,
            "colAvgG": 0.6744484422502999,
            "colAvgB": 0.34320140574010544,
            "topSeedPos": [
                -1.0207900553376632,
                1.886651204369869,
                93.6847669195773
            ]
        },
        "TopSeedInd_1": {
            "topSeedRealInd": 1.0,
            "topSeedFileInd": 4.0,
            "topSeedSpread": 7.385508955583517,
            "colAvgR": 0.7011009321761492,
            "colAvgG": 0.7349485695917711,
            "colAvgB": 0.40941015750562515,
            "topSeedPos": [
                5.118935346062507,
                -4.154569124100405,
                140.78311371306907
            ]
        },
        "TopSeedInd_2": {
            "topSeedRealInd": 2.0,
            "topSeedFileInd": 0.0,
            "topSeedSpread": 14.307641622931964,
            "colAvgR": 0.7198200175592625,
            "colAvgG": 0.750102429031314,
            "colAvgB": 0.4634913666959321,
            "topSeedPos": [
                -7.124951818960156,
                -9.518409506453736,
                141.9748467265853
            ]
        },
        "TopSeedInd_3": {
            "topSeedRealInd": 3.0,
            "topSeedFileInd": 2.0,
            "topSeedSpread": 8.70630018697253,
            "colAvgR": 0.7084424713281539,
            "colAvgG": 0.7405327413984462,
            "colAvgB": 0.4252608213096559,
            "topSeedPos": [
                7.1658473575288895,
                -2.0982815720597685,
                156.45587718904912
            ]
        },
        "TopSeedInd_4": {
            "topSeedRealInd": 4.0,
            "topSeedFileInd": 3.0,
            "topSeedSpread": 7.119727236525165,
            "colAvgR": 0.6548425430778373,
            "colAvgG": 0.6865418894830659,
            "colAvgB": 0.38807932263814615,
            "topSeedPos": [
                -6.083606924921348,
                -0.9784245336183872,
                178.10005376263226
            ]
        },
        "TopSeedInd_5": {
            "topSeedRealInd": 5.0,
            "topSeedFileInd": 5.0,
            "topSeedSpread": 10.060405645276497,
            "colAvgR": 0.6824675324675326,
            "colAvgG": 0.7141010949834479,
            "colAvgB": 0.40672268907563025,
            "topSeedPos": [
                -8.061581376210562,
                -4.3910049613399025,
                179.04964732184405
            ]
        },
        "TopSeedInd_6": {
            "topSeedRealInd": 6.0,
            "topSeedFileInd": 7.0,
            "topSeedSpread": 5.9769216509141145,
            "colAvgR": 0.7110610373181531,
            "colAvgG": 0.722707147375079,
            "colAvgB": 0.43190227703984824,
            "topSeedPos": [
                -4.382160448172087,
                -1.7628937684620496,
                207.46296560794235
            ]
        },
        "TopSeedInd_7": {
            "topSeedRealInd": 7.0,
            "topSeedFileInd": 6.0,
            "topSeedSpread": 4.951622429739883,
            "colAvgR": 0.6968685121107266,
            "colAvgG": 0.710282583621684,
            "colAvgB": 0.4442156862745098,
            "topSeedPos": [
                -0.8461385376068762,
                -3.62011600477517,
                222.2218399517988
            ]
        }
    },
    "branch10Day": {}
}